id,name,cityId,createdAt,updatedAt
"cmmi8ip2v0002w8in4b3pt10h","Aladağ","cmmi8ip2m0000w8inp87jwwm8","2026-03-08T20:58:41.911Z","2026-03-08T20:58:41.911Z"
"cmmi8ip2z0004w8in8a90bat0","Ceyhan","cmmi8ip2m0000w8inp87jwwm8","2026-03-08T20:58:41.915Z","2026-03-08T20:58:41.915Z"
"cmmi8ip320006w8in8dwikozg","Çukurova","cmmi8ip2m0000w8inp87jwwm8","2026-03-08T20:58:41.919Z","2026-03-08T20:58:41.919Z"
"cmmi8ip370008w8inzdj0xcxp","Feke","cmmi8ip2m0000w8inp87jwwm8","2026-03-08T20:58:41.923Z","2026-03-08T20:58:41.923Z"
"cmmi8ip3a000aw8inc7w5gdr5","İmamoğlu","cmmi8ip2m0000w8inp87jwwm8","2026-03-08T20:58:41.927Z","2026-03-08T20:58:41.927Z"
"cmmi8ip3e000cw8inw65nnshm","Karaisalı","cmmi8ip2m0000w8inp87jwwm8","2026-03-08T20:58:41.930Z","2026-03-08T20:58:41.930Z"
"cmmi8ip3i000ew8inlx26mvty","Karataş","cmmi8ip2m0000w8inp87jwwm8","2026-03-08T20:58:41.934Z","2026-03-08T20:58:41.934Z"
"cmmi8ip3l000gw8iny4m4iyk4","Kozan","cmmi8ip2m0000w8inp87jwwm8","2026-03-08T20:58:41.938Z","2026-03-08T20:58:41.938Z"
"cmmi8ip3p000iw8inuxr8vlmj","Pozantı","cmmi8ip2m0000w8inp87jwwm8","2026-03-08T20:58:41.941Z","2026-03-08T20:58:41.941Z"
"cmmi8ip3s000kw8invkls99jk","Saimbeyli","cmmi8ip2m0000w8inp87jwwm8","2026-03-08T20:58:41.945Z","2026-03-08T20:58:41.945Z"
"cmmi8ip3w000mw8inr1gpfb9a","Sarıçam","cmmi8ip2m0000w8inp87jwwm8","2026-03-08T20:58:41.949Z","2026-03-08T20:58:41.949Z"
"cmmi8ip3z000ow8intkucg0p2","Seyhan","cmmi8ip2m0000w8inp87jwwm8","2026-03-08T20:58:41.952Z","2026-03-08T20:58:41.952Z"
"cmmi8ip43000qw8in8pwr2gwd","Tufanbeyli","cmmi8ip2m0000w8inp87jwwm8","2026-03-08T20:58:41.956Z","2026-03-08T20:58:41.956Z"
"cmmi8ip47000sw8in1p79vi8v","Yumurtalık","cmmi8ip2m0000w8inp87jwwm8","2026-03-08T20:58:41.959Z","2026-03-08T20:58:41.959Z"
"cmmi8ip4a000uw8ink3u7w2hs","Yüreğir","cmmi8ip2m0000w8inp87jwwm8","2026-03-08T20:58:41.963Z","2026-03-08T20:58:41.963Z"
"cmmi8ip4i000xw8inc35wk11t","Besni","cmmi8ip4e000vw8in9xio27cl","2026-03-08T20:58:41.970Z","2026-03-08T20:58:41.970Z"
"cmmi8ip4l000zw8inpmqyknct","Çelikhan","cmmi8ip4e000vw8in9xio27cl","2026-03-08T20:58:41.974Z","2026-03-08T20:58:41.974Z"
"cmmi8ip4p0011w8ing9r8caj1","Gerger","cmmi8ip4e000vw8in9xio27cl","2026-03-08T20:58:41.977Z","2026-03-08T20:58:41.977Z"
"cmmi8ip4t0013w8in45p2bufl","Gölbaşı","cmmi8ip4e000vw8in9xio27cl","2026-03-08T20:58:41.981Z","2026-03-08T20:58:41.981Z"
"cmmi8ip4x0015w8indkvhbxv8","Kahta","cmmi8ip4e000vw8in9xio27cl","2026-03-08T20:58:41.985Z","2026-03-08T20:58:41.985Z"
"cmmi8ip500017w8inqlw2vmvo","Merkez","cmmi8ip4e000vw8in9xio27cl","2026-03-08T20:58:41.989Z","2026-03-08T20:58:41.989Z"
"cmmi8ip540019w8intqi81nhd","Samsat","cmmi8ip4e000vw8in9xio27cl","2026-03-08T20:58:41.992Z","2026-03-08T20:58:41.992Z"
"cmmi8ip59001bw8inmmwpqiqy","Sincik","cmmi8ip4e000vw8in9xio27cl","2026-03-08T20:58:41.997Z","2026-03-08T20:58:41.997Z"
"cmmi8ip5f001dw8inuctsea8u","Tut","cmmi8ip4e000vw8in9xio27cl","2026-03-08T20:58:42.003Z","2026-03-08T20:58:42.003Z"
"cmmi8ip5o001gw8in7umhgbg9","Başmakçı","cmmi8ip5l001ew8ins3ty8cyp","2026-03-08T20:58:42.013Z","2026-03-08T20:58:42.013Z"
"cmmi8ip5s001iw8inpf3sygge","Bayat","cmmi8ip5l001ew8ins3ty8cyp","2026-03-08T20:58:42.017Z","2026-03-08T20:58:42.017Z"
"cmmi8ip5x001kw8in1lhj7ehn","Bolvadin","cmmi8ip5l001ew8ins3ty8cyp","2026-03-08T20:58:42.021Z","2026-03-08T20:58:42.021Z"
"cmmi8ip60001mw8ingijblrs2","Çay","cmmi8ip5l001ew8ins3ty8cyp","2026-03-08T20:58:42.025Z","2026-03-08T20:58:42.025Z"
"cmmi8ip64001ow8inm3mqa5km","Çobanlar","cmmi8ip5l001ew8ins3ty8cyp","2026-03-08T20:58:42.028Z","2026-03-08T20:58:42.028Z"
"cmmi8ip67001qw8inzsmxzmnp","Dazkırı","cmmi8ip5l001ew8ins3ty8cyp","2026-03-08T20:58:42.032Z","2026-03-08T20:58:42.032Z"
"cmmi8ip6b001sw8inqj99wszn","Dinar","cmmi8ip5l001ew8ins3ty8cyp","2026-03-08T20:58:42.035Z","2026-03-08T20:58:42.035Z"
"cmmi8ip6e001uw8intbaal6ed","Emirdağ","cmmi8ip5l001ew8ins3ty8cyp","2026-03-08T20:58:42.039Z","2026-03-08T20:58:42.039Z"
"cmmi8ip6i001ww8intplh9vwr","Evciler","cmmi8ip5l001ew8ins3ty8cyp","2026-03-08T20:58:42.042Z","2026-03-08T20:58:42.042Z"
"cmmi8ip6m001yw8inkxl3gx3h","Hocalar","cmmi8ip5l001ew8ins3ty8cyp","2026-03-08T20:58:42.046Z","2026-03-08T20:58:42.046Z"
"cmmi8ip6q0020w8inbaxlufu2","İhsaniye","cmmi8ip5l001ew8ins3ty8cyp","2026-03-08T20:58:42.050Z","2026-03-08T20:58:42.050Z"
"cmmi8ip6u0022w8in374g7h5f","İscehisar","cmmi8ip5l001ew8ins3ty8cyp","2026-03-08T20:58:42.054Z","2026-03-08T20:58:42.054Z"
"cmmi8ip6y0024w8inax2c97k5","Kızılören","cmmi8ip5l001ew8ins3ty8cyp","2026-03-08T20:58:42.058Z","2026-03-08T20:58:42.058Z"
"cmmi8ip720026w8in9jyfapxc","Merkez","cmmi8ip5l001ew8ins3ty8cyp","2026-03-08T20:58:42.063Z","2026-03-08T20:58:42.063Z"
"cmmi8ip770028w8innc27wywy","Sandıklı","cmmi8ip5l001ew8ins3ty8cyp","2026-03-08T20:58:42.067Z","2026-03-08T20:58:42.067Z"
"cmmi8ip7c002aw8innltlh81s","Sinanpaşa","cmmi8ip5l001ew8ins3ty8cyp","2026-03-08T20:58:42.072Z","2026-03-08T20:58:42.072Z"
"cmmi8ip7g002cw8inue19q9bj","Sultandağı","cmmi8ip5l001ew8ins3ty8cyp","2026-03-08T20:58:42.077Z","2026-03-08T20:58:42.077Z"
"cmmi8ip7k002ew8ini7tt4sxq","Şuhut","cmmi8ip5l001ew8ins3ty8cyp","2026-03-08T20:58:42.080Z","2026-03-08T20:58:42.080Z"
"cmmi8ip7s002hw8inf70552f6","Diyadin","cmmi8ip7o002fw8ins1yj6nfl","2026-03-08T20:58:42.089Z","2026-03-08T20:58:42.089Z"
"cmmi8ip7w002jw8inyngdu2dt","Doğubayazıt","cmmi8ip7o002fw8ins1yj6nfl","2026-03-08T20:58:42.092Z","2026-03-08T20:58:42.092Z"
"cmmi8ip80002lw8inygsvrwue","Eleşkirt","cmmi8ip7o002fw8ins1yj6nfl","2026-03-08T20:58:42.096Z","2026-03-08T20:58:42.096Z"
"cmmi8ip83002nw8in7b9xa5xd","Hamur","cmmi8ip7o002fw8ins1yj6nfl","2026-03-08T20:58:42.100Z","2026-03-08T20:58:42.100Z"
"cmmi8ip87002pw8indje3ebzw","Merkez","cmmi8ip7o002fw8ins1yj6nfl","2026-03-08T20:58:42.104Z","2026-03-08T20:58:42.104Z"
"cmmi8ip8c002rw8in6a3emak8","Patnos","cmmi8ip7o002fw8ins1yj6nfl","2026-03-08T20:58:42.109Z","2026-03-08T20:58:42.109Z"
"cmmi8ip8h002tw8inou8fyp64","Taşlıçay","cmmi8ip7o002fw8ins1yj6nfl","2026-03-08T20:58:42.113Z","2026-03-08T20:58:42.113Z"
"cmmi8ip8k002vw8inylks1y21","Tutak","cmmi8ip7o002fw8ins1yj6nfl","2026-03-08T20:58:42.117Z","2026-03-08T20:58:42.117Z"
"cmmi8ip8s002yw8indvrqkhik","Göynücek","cmmi8ip8o002ww8in849vwu5h","2026-03-08T20:58:42.124Z","2026-03-08T20:58:42.124Z"
"cmmi8ip8w0030w8indm1l9opy","Gümüşhacıköy","cmmi8ip8o002ww8in849vwu5h","2026-03-08T20:58:42.128Z","2026-03-08T20:58:42.128Z"
"cmmi8ip8z0032w8iny1kte056","Hamamözü","cmmi8ip8o002ww8in849vwu5h","2026-03-08T20:58:42.131Z","2026-03-08T20:58:42.131Z"
"cmmi8ip920034w8innot02ma0","Merkez","cmmi8ip8o002ww8in849vwu5h","2026-03-08T20:58:42.135Z","2026-03-08T20:58:42.135Z"
"cmmi8ip960036w8ins9jfip4e","Merzifon","cmmi8ip8o002ww8in849vwu5h","2026-03-08T20:58:42.138Z","2026-03-08T20:58:42.138Z"
"cmmi8ip9a0038w8inxtiriewd","Suluova","cmmi8ip8o002ww8in849vwu5h","2026-03-08T20:58:42.142Z","2026-03-08T20:58:42.142Z"
"cmmi8ip9d003aw8inyr6bm839","Taşova","cmmi8ip8o002ww8in849vwu5h","2026-03-08T20:58:42.146Z","2026-03-08T20:58:42.146Z"
"cmmi8ip9k003dw8ineplmg5tk","Akyurt","cmmi8ip9h003bw8inc70htvyb","2026-03-08T20:58:42.152Z","2026-03-08T20:58:42.152Z"
"cmmi8ip9o003fw8inxju5ezgw","Altındağ","cmmi8ip9h003bw8inc70htvyb","2026-03-08T20:58:42.156Z","2026-03-08T20:58:42.156Z"
"cmmi8ip9s003hw8inme2t7o5u","Ayaş","cmmi8ip9h003bw8inc70htvyb","2026-03-08T20:58:42.160Z","2026-03-08T20:58:42.160Z"
"cmmi8ip9v003jw8in7v2eble7","Bala","cmmi8ip9h003bw8inc70htvyb","2026-03-08T20:58:42.164Z","2026-03-08T20:58:42.164Z"
"cmmi8ip9z003lw8in6qklmqyr","Beypazarı","cmmi8ip9h003bw8inc70htvyb","2026-03-08T20:58:42.167Z","2026-03-08T20:58:42.167Z"
"cmmi8ipa6003nw8inn8mhzdd8","Çamlıdere","cmmi8ip9h003bw8inc70htvyb","2026-03-08T20:58:42.174Z","2026-03-08T20:58:42.174Z"
"cmmi8ipab003pw8inmb18fv2g","Çankaya","cmmi8ip9h003bw8inc70htvyb","2026-03-08T20:58:42.179Z","2026-03-08T20:58:42.179Z"
"cmmi8ipah003rw8in1s0r09kv","Çubuk","cmmi8ip9h003bw8inc70htvyb","2026-03-08T20:58:42.185Z","2026-03-08T20:58:42.185Z"
"cmmi8ipan003tw8ind8jixn2w","Elmadağ","cmmi8ip9h003bw8inc70htvyb","2026-03-08T20:58:42.191Z","2026-03-08T20:58:42.191Z"
"cmmi8ipat003vw8in2tn67rmx","Etimesgut","cmmi8ip9h003bw8inc70htvyb","2026-03-08T20:58:42.197Z","2026-03-08T20:58:42.197Z"
"cmmi8ipay003xw8in96bar9d5","Evren","cmmi8ip9h003bw8inc70htvyb","2026-03-08T20:58:42.202Z","2026-03-08T20:58:42.202Z"
"cmmi8ipb4003zw8inly38wfb8","Gölbaşı","cmmi8ip9h003bw8inc70htvyb","2026-03-08T20:58:42.208Z","2026-03-08T20:58:42.208Z"
"cmmi8ipb80041w8in8uppi9j4","Güdül","cmmi8ip9h003bw8inc70htvyb","2026-03-08T20:58:42.212Z","2026-03-08T20:58:42.212Z"
"cmmi8ipbc0043w8in6j843ojf","Haymana","cmmi8ip9h003bw8inc70htvyb","2026-03-08T20:58:42.217Z","2026-03-08T20:58:42.217Z"
"cmmi8ipbg0045w8in1se2zkx8","Kahramankazan","cmmi8ip9h003bw8inc70htvyb","2026-03-08T20:58:42.221Z","2026-03-08T20:58:42.221Z"
"cmmi8ipbk0047w8in9gliqu5q","Kalecik","cmmi8ip9h003bw8inc70htvyb","2026-03-08T20:58:42.224Z","2026-03-08T20:58:42.224Z"
"cmmi8ipbo0049w8inkrk61c27","Keçiören","cmmi8ip9h003bw8inc70htvyb","2026-03-08T20:58:42.229Z","2026-03-08T20:58:42.229Z"
"cmmi8ipbs004bw8inhcurxe5v","Kızılcahamam","cmmi8ip9h003bw8inc70htvyb","2026-03-08T20:58:42.232Z","2026-03-08T20:58:42.232Z"
"cmmi8ipbw004dw8incy58lhk5","Mamak","cmmi8ip9h003bw8inc70htvyb","2026-03-08T20:58:42.237Z","2026-03-08T20:58:42.237Z"
"cmmi8ipc0004fw8inwjii2h0n","Nallıhan","cmmi8ip9h003bw8inc70htvyb","2026-03-08T20:58:42.240Z","2026-03-08T20:58:42.240Z"
"cmmi8ipc4004hw8inwk8f2boh","Polatlı","cmmi8ip9h003bw8inc70htvyb","2026-03-08T20:58:42.244Z","2026-03-08T20:58:42.244Z"
"cmmi8ipc8004jw8in89e67ub1","Pursaklar","cmmi8ip9h003bw8inc70htvyb","2026-03-08T20:58:42.248Z","2026-03-08T20:58:42.248Z"
"cmmi8ipcd004lw8inos3efqgm","Sincan","cmmi8ip9h003bw8inc70htvyb","2026-03-08T20:58:42.254Z","2026-03-08T20:58:42.254Z"
"cmmi8ipch004nw8inwbykeqv0","Şereflikoçhisar","cmmi8ip9h003bw8inc70htvyb","2026-03-08T20:58:42.257Z","2026-03-08T20:58:42.257Z"
"cmmi8ipck004pw8ininz7ynio","Yenimahalle","cmmi8ip9h003bw8inc70htvyb","2026-03-08T20:58:42.261Z","2026-03-08T20:58:42.261Z"
"cmmi8ipcr004sw8inakblwrc3","Akseki","cmmi8ipco004qw8incie8cyb9","2026-03-08T20:58:42.268Z","2026-03-08T20:58:42.268Z"
"cmmi8ipcv004uw8in1b7he8vb","Aksu","cmmi8ipco004qw8incie8cyb9","2026-03-08T20:58:42.271Z","2026-03-08T20:58:42.271Z"
"cmmi8ipcy004ww8innbm9qvqr","Alanya","cmmi8ipco004qw8incie8cyb9","2026-03-08T20:58:42.275Z","2026-03-08T20:58:42.275Z"
"cmmi8ipd2004yw8indvqdesxc","Demre","cmmi8ipco004qw8incie8cyb9","2026-03-08T20:58:42.278Z","2026-03-08T20:58:42.278Z"
"cmmi8ipd50050w8inmoa2oe9t","Döşemealtı","cmmi8ipco004qw8incie8cyb9","2026-03-08T20:58:42.281Z","2026-03-08T20:58:42.281Z"
"cmmi8ipd80052w8inirnx7yfo","Elmalı","cmmi8ipco004qw8incie8cyb9","2026-03-08T20:58:42.285Z","2026-03-08T20:58:42.285Z"
"cmmi8ipdc0054w8inzdmhb1dv","Finike","cmmi8ipco004qw8incie8cyb9","2026-03-08T20:58:42.289Z","2026-03-08T20:58:42.289Z"
"cmmi8ipdf0056w8in2zohfcyh","Gazipaşa","cmmi8ipco004qw8incie8cyb9","2026-03-08T20:58:42.292Z","2026-03-08T20:58:42.292Z"
"cmmi8ipdk0058w8inssxqlic7","Gündoğmuş","cmmi8ipco004qw8incie8cyb9","2026-03-08T20:58:42.297Z","2026-03-08T20:58:42.297Z"
"cmmi8ipdq005aw8in7518b0wo","İbradı","cmmi8ipco004qw8incie8cyb9","2026-03-08T20:58:42.302Z","2026-03-08T20:58:42.302Z"
"cmmi8ipdw005cw8inqp0m3q9w","Kaş","cmmi8ipco004qw8incie8cyb9","2026-03-08T20:58:42.308Z","2026-03-08T20:58:42.308Z"
"cmmi8ipe0005ew8insf04931e","Kemer","cmmi8ipco004qw8incie8cyb9","2026-03-08T20:58:42.313Z","2026-03-08T20:58:42.313Z"
"cmmi8ipe5005gw8in7sb63gy1","Kepez","cmmi8ipco004qw8incie8cyb9","2026-03-08T20:58:42.317Z","2026-03-08T20:58:42.317Z"
"cmmi8ipe8005iw8intmm9wwdw","Konyaaltı","cmmi8ipco004qw8incie8cyb9","2026-03-08T20:58:42.320Z","2026-03-08T20:58:42.320Z"
"cmmi8ipeb005kw8in834e3u06","Korkuteli","cmmi8ipco004qw8incie8cyb9","2026-03-08T20:58:42.324Z","2026-03-08T20:58:42.324Z"
"cmmi8ipef005mw8in9vx6gger","Kumluca","cmmi8ipco004qw8incie8cyb9","2026-03-08T20:58:42.328Z","2026-03-08T20:58:42.328Z"
"cmmi8ipei005ow8in0dj192m1","Manavgat","cmmi8ipco004qw8incie8cyb9","2026-03-08T20:58:42.331Z","2026-03-08T20:58:42.331Z"
"cmmi8ipem005qw8in01epgald","Muratpaşa","cmmi8ipco004qw8incie8cyb9","2026-03-08T20:58:42.335Z","2026-03-08T20:58:42.335Z"
"cmmi8ipeq005sw8inf5kzv2le","Serik","cmmi8ipco004qw8incie8cyb9","2026-03-08T20:58:42.339Z","2026-03-08T20:58:42.339Z"
"cmmi8ipey005vw8ind0ntp2iw","Ardanuç","cmmi8ipeu005tw8inxcjmpok1","2026-03-08T20:58:42.346Z","2026-03-08T20:58:42.346Z"
"cmmi8ipf2005xw8in98qj2rdh","Arhavi","cmmi8ipeu005tw8inxcjmpok1","2026-03-08T20:58:42.350Z","2026-03-08T20:58:42.350Z"
"cmmi8ipfd005zw8int6nuy834","Borçka","cmmi8ipeu005tw8inxcjmpok1","2026-03-08T20:58:42.361Z","2026-03-08T20:58:42.361Z"
"cmmi8ipfh0061w8inn7wanmzv","Hopa","cmmi8ipeu005tw8inxcjmpok1","2026-03-08T20:58:42.366Z","2026-03-08T20:58:42.366Z"
"cmmi8ipfl0063w8in5f07ndo3","Kemalpaşa","cmmi8ipeu005tw8inxcjmpok1","2026-03-08T20:58:42.369Z","2026-03-08T20:58:42.369Z"
"cmmi8ipfp0065w8in6gemjsxf","Merkez","cmmi8ipeu005tw8inxcjmpok1","2026-03-08T20:58:42.373Z","2026-03-08T20:58:42.373Z"
"cmmi8ipft0067w8in2omqxz8l","Murgul","cmmi8ipeu005tw8inxcjmpok1","2026-03-08T20:58:42.377Z","2026-03-08T20:58:42.377Z"
"cmmi8ipfx0069w8iniq1anztt","Şavşat","cmmi8ipeu005tw8inxcjmpok1","2026-03-08T20:58:42.381Z","2026-03-08T20:58:42.381Z"
"cmmi8ipg0006bw8inwia9zqco","Yusufeli","cmmi8ipeu005tw8inxcjmpok1","2026-03-08T20:58:42.385Z","2026-03-08T20:58:42.385Z"
"cmmi8ipg7006ew8inga22ebo6","Bozdoğan","cmmi8ipg4006cw8inqe15a9mp","2026-03-08T20:58:42.391Z","2026-03-08T20:58:42.391Z"
"cmmi8ipgb006gw8ini0f2jn7j","Buharkent","cmmi8ipg4006cw8inqe15a9mp","2026-03-08T20:58:42.395Z","2026-03-08T20:58:42.395Z"
"cmmi8ipge006iw8in5t0epzkd","Çine","cmmi8ipg4006cw8inqe15a9mp","2026-03-08T20:58:42.398Z","2026-03-08T20:58:42.398Z"
"cmmi8ipgi006kw8in4yj9ik6r","Didim","cmmi8ipg4006cw8inqe15a9mp","2026-03-08T20:58:42.402Z","2026-03-08T20:58:42.402Z"
"cmmi8ipgl006mw8int34ukpkg","Efeler","cmmi8ipg4006cw8inqe15a9mp","2026-03-08T20:58:42.406Z","2026-03-08T20:58:42.406Z"
"cmmi8ipgo006ow8injl681jj3","Germencik","cmmi8ipg4006cw8inqe15a9mp","2026-03-08T20:58:42.409Z","2026-03-08T20:58:42.409Z"
"cmmi8ipgs006qw8ink9d5wfp0","İncirliova","cmmi8ipg4006cw8inqe15a9mp","2026-03-08T20:58:42.412Z","2026-03-08T20:58:42.412Z"
"cmmi8ipgv006sw8inzbor4pzx","Karacasu","cmmi8ipg4006cw8inqe15a9mp","2026-03-08T20:58:42.416Z","2026-03-08T20:58:42.416Z"
"cmmi8ipgz006uw8inakfzduan","Karpuzlu","cmmi8ipg4006cw8inqe15a9mp","2026-03-08T20:58:42.419Z","2026-03-08T20:58:42.419Z"
"cmmi8iph2006ww8inv9xir9pi","Koçarlı","cmmi8ipg4006cw8inqe15a9mp","2026-03-08T20:58:42.423Z","2026-03-08T20:58:42.423Z"
"cmmi8iph6006yw8ing0jzvk9b","Köşk","cmmi8ipg4006cw8inqe15a9mp","2026-03-08T20:58:42.427Z","2026-03-08T20:58:42.427Z"
"cmmi8iph90070w8inbag4qz7f","Kuşadası","cmmi8ipg4006cw8inqe15a9mp","2026-03-08T20:58:42.430Z","2026-03-08T20:58:42.430Z"
"cmmi8iphe0072w8ina9sbnznx","Kuyucak","cmmi8ipg4006cw8inqe15a9mp","2026-03-08T20:58:42.434Z","2026-03-08T20:58:42.434Z"
"cmmi8iphh0074w8ingj26czm2","Nazilli","cmmi8ipg4006cw8inqe15a9mp","2026-03-08T20:58:42.437Z","2026-03-08T20:58:42.437Z"
"cmmi8iphl0076w8inf1rsgv0q","Söke","cmmi8ipg4006cw8inqe15a9mp","2026-03-08T20:58:42.441Z","2026-03-08T20:58:42.441Z"
"cmmi8ipho0078w8indndy7o5i","Sultanhisar","cmmi8ipg4006cw8inqe15a9mp","2026-03-08T20:58:42.445Z","2026-03-08T20:58:42.445Z"
"cmmi8iphs007aw8inetedyt58","Yenipazar","cmmi8ipg4006cw8inqe15a9mp","2026-03-08T20:58:42.448Z","2026-03-08T20:58:42.448Z"
"cmmi8iphy007dw8in6g85rfs3","Altıeylül","cmmi8iphv007bw8inwki0bue6","2026-03-08T20:58:42.455Z","2026-03-08T20:58:42.455Z"
"cmmi8ipi1007fw8injix8xolm","Ayvalık","cmmi8iphv007bw8inwki0bue6","2026-03-08T20:58:42.458Z","2026-03-08T20:58:42.458Z"
"cmmi8ipi5007hw8ingputijj1","Balya","cmmi8iphv007bw8inwki0bue6","2026-03-08T20:58:42.461Z","2026-03-08T20:58:42.461Z"
"cmmi8ipi8007jw8inb6claqi0","Bandırma","cmmi8iphv007bw8inwki0bue6","2026-03-08T20:58:42.465Z","2026-03-08T20:58:42.465Z"
"cmmi8ipic007lw8inbsgla1b6","Bigadiç","cmmi8iphv007bw8inwki0bue6","2026-03-08T20:58:42.468Z","2026-03-08T20:58:42.468Z"
"cmmi8ipif007nw8ink0y36wmq","Burhaniye","cmmi8iphv007bw8inwki0bue6","2026-03-08T20:58:42.472Z","2026-03-08T20:58:42.472Z"
"cmmi8ipij007pw8in7ih3caaa","Dursunbey","cmmi8iphv007bw8inwki0bue6","2026-03-08T20:58:42.476Z","2026-03-08T20:58:42.476Z"
"cmmi8ipin007rw8infgvvsiug","Edremit","cmmi8iphv007bw8inwki0bue6","2026-03-08T20:58:42.479Z","2026-03-08T20:58:42.479Z"
"cmmi8ipir007tw8int02hl6vh","Erdek","cmmi8iphv007bw8inwki0bue6","2026-03-08T20:58:42.483Z","2026-03-08T20:58:42.483Z"
"cmmi8ipiw007vw8inkxfxm41j","Gömeç","cmmi8iphv007bw8inwki0bue6","2026-03-08T20:58:42.488Z","2026-03-08T20:58:42.488Z"
"cmmi8ipiz007xw8in33en4fdl","Gönen","cmmi8iphv007bw8inwki0bue6","2026-03-08T20:58:42.492Z","2026-03-08T20:58:42.492Z"
"cmmi8ipj3007zw8in9hp0swlj","Havran","cmmi8iphv007bw8inwki0bue6","2026-03-08T20:58:42.496Z","2026-03-08T20:58:42.496Z"
"cmmi8ipj80081w8in9980vaqi","İvrindi","cmmi8iphv007bw8inwki0bue6","2026-03-08T20:58:42.501Z","2026-03-08T20:58:42.501Z"
"cmmi8ipje0083w8inxlnruxyh","Karesi","cmmi8iphv007bw8inwki0bue6","2026-03-08T20:58:42.507Z","2026-03-08T20:58:42.507Z"
"cmmi8ipji0085w8inwz68gnsq","Kepsut","cmmi8iphv007bw8inwki0bue6","2026-03-08T20:58:42.510Z","2026-03-08T20:58:42.510Z"
"cmmi8ipjm0087w8incktgdjns","Manyas","cmmi8iphv007bw8inwki0bue6","2026-03-08T20:58:42.515Z","2026-03-08T20:58:42.515Z"
"cmmi8ipjr0089w8ina2xr42jj","Marmara","cmmi8iphv007bw8inwki0bue6","2026-03-08T20:58:42.519Z","2026-03-08T20:58:42.519Z"
"cmmi8ipju008bw8in5bp2r5oq","Savaştepe","cmmi8iphv007bw8inwki0bue6","2026-03-08T20:58:42.523Z","2026-03-08T20:58:42.523Z"
"cmmi8ipjz008dw8ingqt3zj2q","Sındırgı","cmmi8iphv007bw8inwki0bue6","2026-03-08T20:58:42.527Z","2026-03-08T20:58:42.527Z"
"cmmi8ipk3008fw8inn7qqm199","Susurluk","cmmi8iphv007bw8inwki0bue6","2026-03-08T20:58:42.531Z","2026-03-08T20:58:42.531Z"
"cmmi8ipkb008iw8inam5t7j3q","Bozüyük","cmmi8ipk7008gw8in9qzxrj87","2026-03-08T20:58:42.539Z","2026-03-08T20:58:42.539Z"
"cmmi8ipke008kw8ins5ii6rjy","Gölpazarı","cmmi8ipk7008gw8in9qzxrj87","2026-03-08T20:58:42.543Z","2026-03-08T20:58:42.543Z"
"cmmi8ipki008mw8inrg0qyh1t","İnhisar","cmmi8ipk7008gw8in9qzxrj87","2026-03-08T20:58:42.547Z","2026-03-08T20:58:42.547Z"
"cmmi8ipkn008ow8inpbtp6x92","Merkez","cmmi8ipk7008gw8in9qzxrj87","2026-03-08T20:58:42.551Z","2026-03-08T20:58:42.551Z"
"cmmi8ipkr008qw8inchqqh4i8","Osmaneli","cmmi8ipk7008gw8in9qzxrj87","2026-03-08T20:58:42.555Z","2026-03-08T20:58:42.555Z"
"cmmi8ipku008sw8inrbj1vbxf","Pazaryeri","cmmi8ipk7008gw8in9qzxrj87","2026-03-08T20:58:42.559Z","2026-03-08T20:58:42.559Z"
"cmmi8ipky008uw8injb2qia3t","Söğüt","cmmi8ipk7008gw8in9qzxrj87","2026-03-08T20:58:42.563Z","2026-03-08T20:58:42.563Z"
"cmmi8ipl2008ww8incost68b3","Yenipazar","cmmi8ipk7008gw8in9qzxrj87","2026-03-08T20:58:42.567Z","2026-03-08T20:58:42.567Z"
"cmmi8ipla008zw8in3wk138sl","Adaklı","cmmi8ipl6008xw8ine4tqil5x","2026-03-08T20:58:42.574Z","2026-03-08T20:58:42.574Z"
"cmmi8ipld0091w8ing3sz40yj","Genç","cmmi8ipl6008xw8ine4tqil5x","2026-03-08T20:58:42.578Z","2026-03-08T20:58:42.578Z"
"cmmi8iplh0093w8in2geokk45","Karlıova","cmmi8ipl6008xw8ine4tqil5x","2026-03-08T20:58:42.581Z","2026-03-08T20:58:42.581Z"
"cmmi8iplk0095w8inxoz3mk5k","Kiğı","cmmi8ipl6008xw8ine4tqil5x","2026-03-08T20:58:42.585Z","2026-03-08T20:58:42.585Z"
"cmmi8iplo0097w8inkdwhjymu","Merkez","cmmi8ipl6008xw8ine4tqil5x","2026-03-08T20:58:42.588Z","2026-03-08T20:58:42.588Z"
"cmmi8iplr0099w8inimi3jd2r","Solhan","cmmi8ipl6008xw8ine4tqil5x","2026-03-08T20:58:42.591Z","2026-03-08T20:58:42.591Z"
"cmmi8iplu009bw8in7tm09wio","Yayladere","cmmi8ipl6008xw8ine4tqil5x","2026-03-08T20:58:42.595Z","2026-03-08T20:58:42.595Z"
"cmmi8iply009dw8ine255k526","Yedisu","cmmi8ipl6008xw8ine4tqil5x","2026-03-08T20:58:42.598Z","2026-03-08T20:58:42.598Z"
"cmmi8ipm5009gw8inh3wlmnto","Adilcevaz","cmmi8ipm1009ew8inqa9ha0gb","2026-03-08T20:58:42.605Z","2026-03-08T20:58:42.605Z"
"cmmi8ipm9009iw8inlqxtofmh","Ahlat","cmmi8ipm1009ew8inqa9ha0gb","2026-03-08T20:58:42.610Z","2026-03-08T20:58:42.610Z"
"cmmi8ipme009kw8inytskxz01","Güroymak","cmmi8ipm1009ew8inqa9ha0gb","2026-03-08T20:58:42.614Z","2026-03-08T20:58:42.614Z"
"cmmi8ipmh009mw8inzcivsm7d","Hizan","cmmi8ipm1009ew8inqa9ha0gb","2026-03-08T20:58:42.618Z","2026-03-08T20:58:42.618Z"
"cmmi8ipmk009ow8inl7lmgugw","Merkez","cmmi8ipm1009ew8inqa9ha0gb","2026-03-08T20:58:42.621Z","2026-03-08T20:58:42.621Z"
"cmmi8ipmp009qw8innh6v4bsf","Mutki","cmmi8ipm1009ew8inqa9ha0gb","2026-03-08T20:58:42.626Z","2026-03-08T20:58:42.626Z"
"cmmi8ipms009sw8in9h6tc2o5","Tatvan","cmmi8ipm1009ew8inqa9ha0gb","2026-03-08T20:58:42.629Z","2026-03-08T20:58:42.629Z"
"cmmi8ipmz009vw8invl3nu5h9","Dörtdivan","cmmi8ipmv009tw8innclfh91o","2026-03-08T20:58:42.635Z","2026-03-08T20:58:42.635Z"
"cmmi8ipn2009xw8in7ipo1wor","Gerede","cmmi8ipmv009tw8innclfh91o","2026-03-08T20:58:42.638Z","2026-03-08T20:58:42.638Z"
"cmmi8ipn5009zw8inezwhdbxi","Göynük","cmmi8ipmv009tw8innclfh91o","2026-03-08T20:58:42.642Z","2026-03-08T20:58:42.642Z"
"cmmi8ipn900a1w8in5e2gf6j4","Kıbrıscık","cmmi8ipmv009tw8innclfh91o","2026-03-08T20:58:42.645Z","2026-03-08T20:58:42.645Z"
"cmmi8ipnc00a3w8iny8cy5p2g","Mengen","cmmi8ipmv009tw8innclfh91o","2026-03-08T20:58:42.649Z","2026-03-08T20:58:42.649Z"
"cmmi8ipng00a5w8in464z1yny","Merkez","cmmi8ipmv009tw8innclfh91o","2026-03-08T20:58:42.652Z","2026-03-08T20:58:42.652Z"
"cmmi8ipnk00a7w8incmh75qd7","Mudurnu","cmmi8ipmv009tw8innclfh91o","2026-03-08T20:58:42.656Z","2026-03-08T20:58:42.656Z"
"cmmi8ipno00a9w8inswt1meyf","Seben","cmmi8ipmv009tw8innclfh91o","2026-03-08T20:58:42.660Z","2026-03-08T20:58:42.660Z"
"cmmi8ipnr00abw8in0yr2ybre","Yeniçağa","cmmi8ipmv009tw8innclfh91o","2026-03-08T20:58:42.663Z","2026-03-08T20:58:42.663Z"
"cmmi8ipo000aew8inazfo8l9u","Ağlasun","cmmi8ipnx00acw8in21te86ky","2026-03-08T20:58:42.673Z","2026-03-08T20:58:42.673Z"
"cmmi8ipo500agw8inj26iku6i","Altınyayla","cmmi8ipnx00acw8in21te86ky","2026-03-08T20:58:42.677Z","2026-03-08T20:58:42.677Z"
"cmmi8ipo800aiw8inhjcr5ada","Bucak","cmmi8ipnx00acw8in21te86ky","2026-03-08T20:58:42.681Z","2026-03-08T20:58:42.681Z"
"cmmi8ipoc00akw8inlk7ulsqr","Çavdır","cmmi8ipnx00acw8in21te86ky","2026-03-08T20:58:42.685Z","2026-03-08T20:58:42.685Z"
"cmmi8ipof00amw8in1xx7a6ve","Çeltikçi","cmmi8ipnx00acw8in21te86ky","2026-03-08T20:58:42.688Z","2026-03-08T20:58:42.688Z"
"cmmi8ipoi00aow8in6bcwrrup","Gölhisar","cmmi8ipnx00acw8in21te86ky","2026-03-08T20:58:42.691Z","2026-03-08T20:58:42.691Z"
"cmmi8ipom00aqw8in39r3quc8","Karamanlı","cmmi8ipnx00acw8in21te86ky","2026-03-08T20:58:42.694Z","2026-03-08T20:58:42.694Z"
"cmmi8ipop00asw8in0c9ppe85","Kemer","cmmi8ipnx00acw8in21te86ky","2026-03-08T20:58:42.698Z","2026-03-08T20:58:42.698Z"
"cmmi8ipot00auw8in75t5v9az","Merkez","cmmi8ipnx00acw8in21te86ky","2026-03-08T20:58:42.701Z","2026-03-08T20:58:42.701Z"
"cmmi8ipow00aww8inubqbwbiu","Tefenni","cmmi8ipnx00acw8in21te86ky","2026-03-08T20:58:42.705Z","2026-03-08T20:58:42.705Z"
"cmmi8ipp000ayw8in2gbvtztj","Yeşilova","cmmi8ipnx00acw8in21te86ky","2026-03-08T20:58:42.708Z","2026-03-08T20:58:42.708Z"
"cmmi8ipp700b1w8ini2bicwws","Büyükorhan","cmmi8ipp300azw8inrw7800hp","2026-03-08T20:58:42.715Z","2026-03-08T20:58:42.715Z"
"cmmi8ippa00b3w8inaebo17w5","Gemlik","cmmi8ipp300azw8inrw7800hp","2026-03-08T20:58:42.719Z","2026-03-08T20:58:42.719Z"
"cmmi8ippe00b5w8inprzpre4j","Gürsu","cmmi8ipp300azw8inrw7800hp","2026-03-08T20:58:42.722Z","2026-03-08T20:58:42.722Z"
"cmmi8ipph00b7w8inpevjnojx","Harmancık","cmmi8ipp300azw8inrw7800hp","2026-03-08T20:58:42.725Z","2026-03-08T20:58:42.725Z"
"cmmi8ippk00b9w8in9f7gpn8j","İnegöl","cmmi8ipp300azw8inrw7800hp","2026-03-08T20:58:42.729Z","2026-03-08T20:58:42.729Z"
"cmmi8ippn00bbw8in54wisi6z","İznik","cmmi8ipp300azw8inrw7800hp","2026-03-08T20:58:42.732Z","2026-03-08T20:58:42.732Z"
"cmmi8ipps00bdw8in78z2jk11","Karacabey","cmmi8ipp300azw8inrw7800hp","2026-03-08T20:58:42.736Z","2026-03-08T20:58:42.736Z"
"cmmi8ippw00bfw8in6a5to1my","Keles","cmmi8ipp300azw8inrw7800hp","2026-03-08T20:58:42.740Z","2026-03-08T20:58:42.740Z"
"cmmi8ipq000bhw8in2uewuma2","Kestel","cmmi8ipp300azw8inrw7800hp","2026-03-08T20:58:42.744Z","2026-03-08T20:58:42.744Z"
"cmmi8ipq600bjw8inkn70tjai","Mudanya","cmmi8ipp300azw8inrw7800hp","2026-03-08T20:58:42.750Z","2026-03-08T20:58:42.750Z"
"cmmi8ipq900blw8inuyqwctwk","Mustafakemalpaşa","cmmi8ipp300azw8inrw7800hp","2026-03-08T20:58:42.754Z","2026-03-08T20:58:42.754Z"
"cmmi8ipqd00bnw8inwq0wstkm","Nilüfer","cmmi8ipp300azw8inrw7800hp","2026-03-08T20:58:42.758Z","2026-03-08T20:58:42.758Z"
"cmmi8ipqh00bpw8inbuo7yy99","Orhaneli","cmmi8ipp300azw8inrw7800hp","2026-03-08T20:58:42.761Z","2026-03-08T20:58:42.761Z"
"cmmi8ipqk00brw8intfsyrn62","Orhangazi","cmmi8ipp300azw8inrw7800hp","2026-03-08T20:58:42.765Z","2026-03-08T20:58:42.765Z"
"cmmi8ipqo00btw8in4bbwvmah","Osmangazi","cmmi8ipp300azw8inrw7800hp","2026-03-08T20:58:42.769Z","2026-03-08T20:58:42.769Z"
"cmmi8ipqs00bvw8inqp8hy1k8","Yenişehir","cmmi8ipp300azw8inrw7800hp","2026-03-08T20:58:42.772Z","2026-03-08T20:58:42.772Z"
"cmmi8ipqv00bxw8in1i6oip06","Yıldırım","cmmi8ipp300azw8inrw7800hp","2026-03-08T20:58:42.776Z","2026-03-08T20:58:42.776Z"
"cmmi8ipr200c0w8inf7jemskb","Ayvacık","cmmi8ipqz00byw8inn1w36znb","2026-03-08T20:58:42.782Z","2026-03-08T20:58:42.782Z"
"cmmi8ipr600c2w8in1yftz35g","Bayramiç","cmmi8ipqz00byw8inn1w36znb","2026-03-08T20:58:42.786Z","2026-03-08T20:58:42.786Z"
"cmmi8ipra00c4w8ink1fnubvw","Biga","cmmi8ipqz00byw8inn1w36znb","2026-03-08T20:58:42.790Z","2026-03-08T20:58:42.790Z"
"cmmi8ipre00c6w8in6uu621pt","Bozcaada","cmmi8ipqz00byw8inn1w36znb","2026-03-08T20:58:42.794Z","2026-03-08T20:58:42.794Z"
"cmmi8ipri00c8w8innsgs92bt","Çan","cmmi8ipqz00byw8inn1w36znb","2026-03-08T20:58:42.799Z","2026-03-08T20:58:42.799Z"
"cmmi8iprn00caw8innobgqfth","Eceabat","cmmi8ipqz00byw8inn1w36znb","2026-03-08T20:58:42.803Z","2026-03-08T20:58:42.803Z"
"cmmi8iprs00ccw8inaodj5va9","Ezine","cmmi8ipqz00byw8inn1w36znb","2026-03-08T20:58:42.809Z","2026-03-08T20:58:42.809Z"
"cmmi8iprw00cew8in7kbeigm7","Gelibolu","cmmi8ipqz00byw8inn1w36znb","2026-03-08T20:58:42.813Z","2026-03-08T20:58:42.813Z"
"cmmi8ips000cgw8in3sbc2by1","Gökçeada","cmmi8ipqz00byw8inn1w36znb","2026-03-08T20:58:42.817Z","2026-03-08T20:58:42.817Z"
"cmmi8ips400ciw8inn07pmgg0","Lapseki","cmmi8ipqz00byw8inn1w36znb","2026-03-08T20:58:42.820Z","2026-03-08T20:58:42.820Z"
"cmmi8ips700ckw8inq6mqsysl","Merkez","cmmi8ipqz00byw8inn1w36znb","2026-03-08T20:58:42.824Z","2026-03-08T20:58:42.824Z"
"cmmi8ipsc00cmw8ins5h8baee","Yenice","cmmi8ipqz00byw8inn1w36znb","2026-03-08T20:58:42.828Z","2026-03-08T20:58:42.828Z"
"cmmi8ipsj00cpw8inmvpr8r9z","Atkaracalar","cmmi8ipsf00cnw8in7hdlb6tx","2026-03-08T20:58:42.835Z","2026-03-08T20:58:42.835Z"
"cmmi8ipsm00crw8inxmyakna0","Bayramören","cmmi8ipsf00cnw8in7hdlb6tx","2026-03-08T20:58:42.839Z","2026-03-08T20:58:42.839Z"
"cmmi8ipsq00ctw8ino631jnc4","Çerkeş","cmmi8ipsf00cnw8in7hdlb6tx","2026-03-08T20:58:42.842Z","2026-03-08T20:58:42.842Z"
"cmmi8ipsu00cvw8in1zaeo536","Eldivan","cmmi8ipsf00cnw8in7hdlb6tx","2026-03-08T20:58:42.846Z","2026-03-08T20:58:42.846Z"
"cmmi8ipsx00cxw8in3pqres9p","Ilgaz","cmmi8ipsf00cnw8in7hdlb6tx","2026-03-08T20:58:42.849Z","2026-03-08T20:58:42.849Z"
"cmmi8ipt100czw8inwdlaq0wb","Kızılırmak","cmmi8ipsf00cnw8in7hdlb6tx","2026-03-08T20:58:42.854Z","2026-03-08T20:58:42.854Z"
"cmmi8ipt500d1w8inn50m3v7u","Korgun","cmmi8ipsf00cnw8in7hdlb6tx","2026-03-08T20:58:42.857Z","2026-03-08T20:58:42.857Z"
"cmmi8ipt800d3w8insggoiwnc","Kurşunlu","cmmi8ipsf00cnw8in7hdlb6tx","2026-03-08T20:58:42.861Z","2026-03-08T20:58:42.861Z"
"cmmi8iptc00d5w8inan0lg73t","Merkez","cmmi8ipsf00cnw8in7hdlb6tx","2026-03-08T20:58:42.864Z","2026-03-08T20:58:42.864Z"
"cmmi8iptg00d7w8in09lmqtki","Orta","cmmi8ipsf00cnw8in7hdlb6tx","2026-03-08T20:58:42.869Z","2026-03-08T20:58:42.869Z"
"cmmi8iptl00d9w8inwewg4fx6","Şabanözü","cmmi8ipsf00cnw8in7hdlb6tx","2026-03-08T20:58:42.873Z","2026-03-08T20:58:42.873Z"
"cmmi8iptp00dbw8inzxxk6vdx","Yapraklı","cmmi8ipsf00cnw8in7hdlb6tx","2026-03-08T20:58:42.877Z","2026-03-08T20:58:42.877Z"
"cmmi8iptw00dew8injx83tgpq","Alaca","cmmi8ipts00dcw8inddittbh3","2026-03-08T20:58:42.884Z","2026-03-08T20:58:42.884Z"
"cmmi8ipu000dgw8inrig4rvi4","Bayat","cmmi8ipts00dcw8inddittbh3","2026-03-08T20:58:42.888Z","2026-03-08T20:58:42.888Z"
"cmmi8ipu300diw8inb6ty58kl","Boğazkale","cmmi8ipts00dcw8inddittbh3","2026-03-08T20:58:42.892Z","2026-03-08T20:58:42.892Z"
"cmmi8ipu700dkw8inzfdcdsc5","Dodurga","cmmi8ipts00dcw8inddittbh3","2026-03-08T20:58:42.895Z","2026-03-08T20:58:42.895Z"
"cmmi8ipub00dmw8inzdpnzf9o","İskilip","cmmi8ipts00dcw8inddittbh3","2026-03-08T20:58:42.899Z","2026-03-08T20:58:42.899Z"
"cmmi8ipue00dow8innxui0ixr","Kargı","cmmi8ipts00dcw8inddittbh3","2026-03-08T20:58:42.903Z","2026-03-08T20:58:42.903Z"
"cmmi8ipui00dqw8infofignhi","Laçin","cmmi8ipts00dcw8inddittbh3","2026-03-08T20:58:42.906Z","2026-03-08T20:58:42.906Z"
"cmmi8ipul00dsw8ind7d9dwp1","Mecitözü","cmmi8ipts00dcw8inddittbh3","2026-03-08T20:58:42.909Z","2026-03-08T20:58:42.909Z"
"cmmi8ipuo00duw8ineznrmejb","Merkez","cmmi8ipts00dcw8inddittbh3","2026-03-08T20:58:42.913Z","2026-03-08T20:58:42.913Z"
"cmmi8ipus00dww8inh7oezxx7","Oğuzlar","cmmi8ipts00dcw8inddittbh3","2026-03-08T20:58:42.917Z","2026-03-08T20:58:42.917Z"
"cmmi8ipuw00dyw8inq2av96v3","Ortaköy","cmmi8ipts00dcw8inddittbh3","2026-03-08T20:58:42.920Z","2026-03-08T20:58:42.920Z"
"cmmi8ipuz00e0w8inxytike9n","Osmancık","cmmi8ipts00dcw8inddittbh3","2026-03-08T20:58:42.924Z","2026-03-08T20:58:42.924Z"
"cmmi8ipv300e2w8in76t9nlcn","Sungurlu","cmmi8ipts00dcw8inddittbh3","2026-03-08T20:58:42.927Z","2026-03-08T20:58:42.927Z"
"cmmi8ipv600e4w8inh1w5tki6","Uğurludağ","cmmi8ipts00dcw8inddittbh3","2026-03-08T20:58:42.931Z","2026-03-08T20:58:42.931Z"
"cmmi8ipve00e7w8inp4e1rgrr","Acıpayam","cmmi8ipvb00e5w8ing1yrnyk6","2026-03-08T20:58:42.938Z","2026-03-08T20:58:42.938Z"
"cmmi8ipvk00e9w8intxztcbw0","Babadağ","cmmi8ipvb00e5w8ing1yrnyk6","2026-03-08T20:58:42.944Z","2026-03-08T20:58:42.944Z"
"cmmi8ipvn00ebw8inf4412r41","Baklan","cmmi8ipvb00e5w8ing1yrnyk6","2026-03-08T20:58:42.948Z","2026-03-08T20:58:42.948Z"
"cmmi8ipvr00edw8in2195mrw8","Bekilli","cmmi8ipvb00e5w8ing1yrnyk6","2026-03-08T20:58:42.951Z","2026-03-08T20:58:42.951Z"
"cmmi8ipvu00efw8injx4eul11","Beyağaç","cmmi8ipvb00e5w8ing1yrnyk6","2026-03-08T20:58:42.955Z","2026-03-08T20:58:42.955Z"
"cmmi8ipvx00ehw8in9i52eums","Bozkurt","cmmi8ipvb00e5w8ing1yrnyk6","2026-03-08T20:58:42.958Z","2026-03-08T20:58:42.958Z"
"cmmi8ipw100ejw8in1rmd51ts","Buldan","cmmi8ipvb00e5w8ing1yrnyk6","2026-03-08T20:58:42.961Z","2026-03-08T20:58:42.961Z"
"cmmi8ipw500elw8inv7gqvsaw","Çal","cmmi8ipvb00e5w8ing1yrnyk6","2026-03-08T20:58:42.965Z","2026-03-08T20:58:42.965Z"
"cmmi8ipw800enw8in444gf0m5","Çameli","cmmi8ipvb00e5w8ing1yrnyk6","2026-03-08T20:58:42.968Z","2026-03-08T20:58:42.968Z"
"cmmi8ipwb00epw8inm2igf4ng","Çardak","cmmi8ipvb00e5w8ing1yrnyk6","2026-03-08T20:58:42.972Z","2026-03-08T20:58:42.972Z"
"cmmi8ipwf00erw8in6abl7fn8","Çivril","cmmi8ipvb00e5w8ing1yrnyk6","2026-03-08T20:58:42.976Z","2026-03-08T20:58:42.976Z"
"cmmi8ipwp00etw8inj1kes1yv","Güney","cmmi8ipvb00e5w8ing1yrnyk6","2026-03-08T20:58:42.985Z","2026-03-08T20:58:42.985Z"
"cmmi8ipws00evw8ine6l5ypv8","Honaz","cmmi8ipvb00e5w8ing1yrnyk6","2026-03-08T20:58:42.988Z","2026-03-08T20:58:42.988Z"
"cmmi8ipwv00exw8inwq3jb38q","Kale","cmmi8ipvb00e5w8ing1yrnyk6","2026-03-08T20:58:42.991Z","2026-03-08T20:58:42.991Z"
"cmmi8ipwz00ezw8in10rqioym","Merkezefendi","cmmi8ipvb00e5w8ing1yrnyk6","2026-03-08T20:58:42.995Z","2026-03-08T20:58:42.995Z"
"cmmi8ipx300f1w8injpg47oo6","Pamukkale","cmmi8ipvb00e5w8ing1yrnyk6","2026-03-08T20:58:42.999Z","2026-03-08T20:58:42.999Z"
"cmmi8ipx600f3w8inj7tzx5h0","Sarayköy","cmmi8ipvb00e5w8ing1yrnyk6","2026-03-08T20:58:43.003Z","2026-03-08T20:58:43.003Z"
"cmmi8ipxa00f5w8inzcl5sh8j","Serinhisar","cmmi8ipvb00e5w8ing1yrnyk6","2026-03-08T20:58:43.006Z","2026-03-08T20:58:43.006Z"
"cmmi8ipxd00f7w8inqijxnfrc","Tavas","cmmi8ipvb00e5w8ing1yrnyk6","2026-03-08T20:58:43.009Z","2026-03-08T20:58:43.009Z"
"cmmi8ipxk00faw8in8zr9e34p","Bağlar","cmmi8ipxg00f8w8inrpjyhlhf","2026-03-08T20:58:43.016Z","2026-03-08T20:58:43.016Z"
"cmmi8ipxo00fcw8inawnhcf78","Bismil","cmmi8ipxg00f8w8inrpjyhlhf","2026-03-08T20:58:43.021Z","2026-03-08T20:58:43.021Z"
"cmmi8ipxr00few8int78vm4br","Çermik","cmmi8ipxg00f8w8inrpjyhlhf","2026-03-08T20:58:43.024Z","2026-03-08T20:58:43.024Z"
"cmmi8ipxw00fgw8injeadrc2c","Çınar","cmmi8ipxg00f8w8inrpjyhlhf","2026-03-08T20:58:43.028Z","2026-03-08T20:58:43.028Z"
"cmmi8ipxz00fiw8in8wqrrosj","Çüngüş","cmmi8ipxg00f8w8inrpjyhlhf","2026-03-08T20:58:43.031Z","2026-03-08T20:58:43.031Z"
"cmmi8ipy200fkw8inzs402hfb","Dicle","cmmi8ipxg00f8w8inrpjyhlhf","2026-03-08T20:58:43.035Z","2026-03-08T20:58:43.035Z"
"cmmi8ipy500fmw8inbdoequjz","Eğil","cmmi8ipxg00f8w8inrpjyhlhf","2026-03-08T20:58:43.038Z","2026-03-08T20:58:43.038Z"
"cmmi8ipy900fow8inveqykb6s","Ergani","cmmi8ipxg00f8w8inrpjyhlhf","2026-03-08T20:58:43.041Z","2026-03-08T20:58:43.041Z"
"cmmi8ipyc00fqw8inb7psaved","Hani","cmmi8ipxg00f8w8inrpjyhlhf","2026-03-08T20:58:43.045Z","2026-03-08T20:58:43.045Z"
"cmmi8ipyg00fsw8in3de6sof9","Hazro","cmmi8ipxg00f8w8inrpjyhlhf","2026-03-08T20:58:43.048Z","2026-03-08T20:58:43.048Z"
"cmmi8ipyk00fuw8inw1ajpo3d","Kayapınar","cmmi8ipxg00f8w8inrpjyhlhf","2026-03-08T20:58:43.052Z","2026-03-08T20:58:43.052Z"
"cmmi8ipyn00fww8inh8q0nl0r","Kocaköy","cmmi8ipxg00f8w8inrpjyhlhf","2026-03-08T20:58:43.056Z","2026-03-08T20:58:43.056Z"
"cmmi8ipyr00fyw8inodln51fj","Kulp","cmmi8ipxg00f8w8inrpjyhlhf","2026-03-08T20:58:43.059Z","2026-03-08T20:58:43.059Z"
"cmmi8ipyv00g0w8inrkynedrf","Lice","cmmi8ipxg00f8w8inrpjyhlhf","2026-03-08T20:58:43.063Z","2026-03-08T20:58:43.063Z"
"cmmi8ipyy00g2w8inn8896ova","Silvan","cmmi8ipxg00f8w8inrpjyhlhf","2026-03-08T20:58:43.067Z","2026-03-08T20:58:43.067Z"
"cmmi8ipz200g4w8inenwqzjv0","Sur","cmmi8ipxg00f8w8inrpjyhlhf","2026-03-08T20:58:43.070Z","2026-03-08T20:58:43.070Z"
"cmmi8ipz600g6w8in0579aeqa","Yenişehir","cmmi8ipxg00f8w8inrpjyhlhf","2026-03-08T20:58:43.074Z","2026-03-08T20:58:43.074Z"
"cmmi8ipzc00g9w8inba7s3gn7","Enez","cmmi8ipz900g7w8inmd64ushq","2026-03-08T20:58:43.081Z","2026-03-08T20:58:43.081Z"
"cmmi8ipzg00gbw8in15oc4itu","Havsa","cmmi8ipz900g7w8inmd64ushq","2026-03-08T20:58:43.085Z","2026-03-08T20:58:43.085Z"
"cmmi8ipzm00gdw8inthq3ud4v","İpsala","cmmi8ipz900g7w8inmd64ushq","2026-03-08T20:58:43.091Z","2026-03-08T20:58:43.091Z"
"cmmi8ipzq00gfw8inh7vw2stk","Keşan","cmmi8ipz900g7w8inmd64ushq","2026-03-08T20:58:43.095Z","2026-03-08T20:58:43.095Z"
"cmmi8ipzu00ghw8in1kipov5f","Lalapaşa","cmmi8ipz900g7w8inmd64ushq","2026-03-08T20:58:43.099Z","2026-03-08T20:58:43.099Z"
"cmmi8ipzz00gjw8inbi0p7tg9","Meriç","cmmi8ipz900g7w8inmd64ushq","2026-03-08T20:58:43.103Z","2026-03-08T20:58:43.103Z"
"cmmi8iq0200glw8ine1i0qj1g","Merkez","cmmi8ipz900g7w8inmd64ushq","2026-03-08T20:58:43.107Z","2026-03-08T20:58:43.107Z"
"cmmi8iq0600gnw8in0bme3km8","Süloğlu","cmmi8ipz900g7w8inmd64ushq","2026-03-08T20:58:43.110Z","2026-03-08T20:58:43.110Z"
"cmmi8iq0a00gpw8inygcl3r8g","Uzunköprü","cmmi8ipz900g7w8inmd64ushq","2026-03-08T20:58:43.114Z","2026-03-08T20:58:43.114Z"
"cmmi8iq0g00gsw8inga4d5pxo","Ağın","cmmi8iq0d00gqw8indzva7cks","2026-03-08T20:58:43.121Z","2026-03-08T20:58:43.121Z"
"cmmi8iq0k00guw8inkuu54sgk","Alacakaya","cmmi8iq0d00gqw8indzva7cks","2026-03-08T20:58:43.124Z","2026-03-08T20:58:43.124Z"
"cmmi8iq0n00gww8in1fsbmkeo","Arıcak","cmmi8iq0d00gqw8indzva7cks","2026-03-08T20:58:43.128Z","2026-03-08T20:58:43.128Z"
"cmmi8iq0q00gyw8invkmxgf0l","Baskil","cmmi8iq0d00gqw8indzva7cks","2026-03-08T20:58:43.131Z","2026-03-08T20:58:43.131Z"
"cmmi8iq0u00h0w8in49ziw3y8","Karakoçan","cmmi8iq0d00gqw8indzva7cks","2026-03-08T20:58:43.135Z","2026-03-08T20:58:43.135Z"
"cmmi8iq0x00h2w8in8u88y5l4","Keban","cmmi8iq0d00gqw8indzva7cks","2026-03-08T20:58:43.138Z","2026-03-08T20:58:43.138Z"
"cmmi8iq1100h4w8insdndgr4m","Kovancılar","cmmi8iq0d00gqw8indzva7cks","2026-03-08T20:58:43.141Z","2026-03-08T20:58:43.141Z"
"cmmi8iq1500h6w8inmwftjxw8","Maden","cmmi8iq0d00gqw8indzva7cks","2026-03-08T20:58:43.145Z","2026-03-08T20:58:43.145Z"
"cmmi8iq1800h8w8insdyt67mp","Merkez","cmmi8iq0d00gqw8indzva7cks","2026-03-08T20:58:43.148Z","2026-03-08T20:58:43.148Z"
"cmmi8iq1b00haw8inarprzpo2","Palu","cmmi8iq0d00gqw8indzva7cks","2026-03-08T20:58:43.152Z","2026-03-08T20:58:43.152Z"
"cmmi8iq1f00hcw8in1p74sub5","Sivrice","cmmi8iq0d00gqw8indzva7cks","2026-03-08T20:58:43.156Z","2026-03-08T20:58:43.156Z"
"cmmi8iq1l00hfw8in7cu1l5ag","Çayırlı","cmmi8iq1i00hdw8in20qzkz4i","2026-03-08T20:58:43.162Z","2026-03-08T20:58:43.162Z"
"cmmi8iq1p00hhw8indsd3pk6u","İliç","cmmi8iq1i00hdw8in20qzkz4i","2026-03-08T20:58:43.165Z","2026-03-08T20:58:43.165Z"
"cmmi8iq1t00hjw8inhckx3gne","Kemah","cmmi8iq1i00hdw8in20qzkz4i","2026-03-08T20:58:43.169Z","2026-03-08T20:58:43.169Z"
"cmmi8iq1w00hlw8inktpned5s","Kemaliye","cmmi8iq1i00hdw8in20qzkz4i","2026-03-08T20:58:43.173Z","2026-03-08T20:58:43.173Z"
"cmmi8iq2000hnw8inyd858b52","Merkez","cmmi8iq1i00hdw8in20qzkz4i","2026-03-08T20:58:43.176Z","2026-03-08T20:58:43.176Z"
"cmmi8iq2400hpw8inb87agxhy","Otlukbeli","cmmi8iq1i00hdw8in20qzkz4i","2026-03-08T20:58:43.180Z","2026-03-08T20:58:43.180Z"
"cmmi8iq2700hrw8in2habvytd","Refahiye","cmmi8iq1i00hdw8in20qzkz4i","2026-03-08T20:58:43.184Z","2026-03-08T20:58:43.184Z"
"cmmi8iq2b00htw8inp1edsyss","Tercan","cmmi8iq1i00hdw8in20qzkz4i","2026-03-08T20:58:43.187Z","2026-03-08T20:58:43.187Z"
"cmmi8iq2e00hvw8in7o3skz5z","Üzümlü","cmmi8iq1i00hdw8in20qzkz4i","2026-03-08T20:58:43.191Z","2026-03-08T20:58:43.191Z"
"cmmi8iq2l00hyw8inewjrkt2l","Aşkale","cmmi8iq2i00hww8inqmwygd83","2026-03-08T20:58:43.197Z","2026-03-08T20:58:43.197Z"
"cmmi8iq2p00i0w8inhekzha53","Aziziye","cmmi8iq2i00hww8inqmwygd83","2026-03-08T20:58:43.201Z","2026-03-08T20:58:43.201Z"
"cmmi8iq2t00i2w8inoyl47rwz","Çat","cmmi8iq2i00hww8inqmwygd83","2026-03-08T20:58:43.205Z","2026-03-08T20:58:43.205Z"
"cmmi8iq2w00i4w8in2r00y1p8","Hınıs","cmmi8iq2i00hww8inqmwygd83","2026-03-08T20:58:43.208Z","2026-03-08T20:58:43.208Z"
"cmmi8iq3000i6w8inzhaszmbk","Horasan","cmmi8iq2i00hww8inqmwygd83","2026-03-08T20:58:43.212Z","2026-03-08T20:58:43.212Z"
"cmmi8iq3300i8w8inquwpig2m","İspir","cmmi8iq2i00hww8inqmwygd83","2026-03-08T20:58:43.216Z","2026-03-08T20:58:43.216Z"
"cmmi8iq3700iaw8in21ng8d7j","Karaçoban","cmmi8iq2i00hww8inqmwygd83","2026-03-08T20:58:43.220Z","2026-03-08T20:58:43.220Z"
"cmmi8iq3b00icw8in7dej0hv5","Karayazı","cmmi8iq2i00hww8inqmwygd83","2026-03-08T20:58:43.223Z","2026-03-08T20:58:43.223Z"
"cmmi8iq3e00iew8inirl4dos2","Köprüköy","cmmi8iq2i00hww8inqmwygd83","2026-03-08T20:58:43.227Z","2026-03-08T20:58:43.227Z"
"cmmi8iq3h00igw8in73xhcoym","Narman","cmmi8iq2i00hww8inqmwygd83","2026-03-08T20:58:43.230Z","2026-03-08T20:58:43.230Z"
"cmmi8iq3l00iiw8inx9t745l3","Oltu","cmmi8iq2i00hww8inqmwygd83","2026-03-08T20:58:43.233Z","2026-03-08T20:58:43.233Z"
"cmmi8iq3p00ikw8inph8n3ai2","Olur","cmmi8iq2i00hww8inqmwygd83","2026-03-08T20:58:43.238Z","2026-03-08T20:58:43.238Z"
"cmmi8iq3t00imw8intj5jx60z","Palandöken","cmmi8iq2i00hww8inqmwygd83","2026-03-08T20:58:43.241Z","2026-03-08T20:58:43.241Z"
"cmmi8iq3x00iow8inmdmvjgp4","Pasinler","cmmi8iq2i00hww8inqmwygd83","2026-03-08T20:58:43.245Z","2026-03-08T20:58:43.245Z"
"cmmi8iq4100iqw8inrmxj4q1y","Pazaryolu","cmmi8iq2i00hww8inqmwygd83","2026-03-08T20:58:43.249Z","2026-03-08T20:58:43.249Z"
"cmmi8iq4400isw8incxun35q7","Şenkaya","cmmi8iq2i00hww8inqmwygd83","2026-03-08T20:58:43.252Z","2026-03-08T20:58:43.252Z"
"cmmi8iq4800iuw8ind2etns24","Tekman","cmmi8iq2i00hww8inqmwygd83","2026-03-08T20:58:43.256Z","2026-03-08T20:58:43.256Z"
"cmmi8iq4b00iww8inpkrtx8pe","Tortum","cmmi8iq2i00hww8inqmwygd83","2026-03-08T20:58:43.260Z","2026-03-08T20:58:43.260Z"
"cmmi8iq4f00iyw8in8d8v8lt9","Uzundere","cmmi8iq2i00hww8inqmwygd83","2026-03-08T20:58:43.263Z","2026-03-08T20:58:43.263Z"
"cmmi8iq4j00j0w8inrg6h6s8b","Yakutiye","cmmi8iq2i00hww8inqmwygd83","2026-03-08T20:58:43.267Z","2026-03-08T20:58:43.267Z"
"cmmi8iq4p00j3w8in63x2bjvb","Alpu","cmmi8iq4m00j1w8intjq485v2","2026-03-08T20:58:43.273Z","2026-03-08T20:58:43.273Z"
"cmmi8iq4s00j5w8injjq1sfnf","Beylikova","cmmi8iq4m00j1w8intjq485v2","2026-03-08T20:58:43.277Z","2026-03-08T20:58:43.277Z"
"cmmi8iq4w00j7w8iny5dg6q8x","Çifteler","cmmi8iq4m00j1w8intjq485v2","2026-03-08T20:58:43.280Z","2026-03-08T20:58:43.280Z"
"cmmi8iq5000j9w8inigtt0hj5","Günyüzü","cmmi8iq4m00j1w8intjq485v2","2026-03-08T20:58:43.284Z","2026-03-08T20:58:43.284Z"
"cmmi8iq5300jbw8inmrdv6rtx","Han","cmmi8iq4m00j1w8intjq485v2","2026-03-08T20:58:43.287Z","2026-03-08T20:58:43.287Z"
"cmmi8iq5600jdw8infmcc1wt6","İnönü","cmmi8iq4m00j1w8intjq485v2","2026-03-08T20:58:43.291Z","2026-03-08T20:58:43.291Z"
"cmmi8iq5c00jfw8in76tz5ono","Mahmudiye","cmmi8iq4m00j1w8intjq485v2","2026-03-08T20:58:43.296Z","2026-03-08T20:58:43.296Z"
"cmmi8iq5h00jhw8in9408tlbu","Mihalgazi","cmmi8iq4m00j1w8intjq485v2","2026-03-08T20:58:43.302Z","2026-03-08T20:58:43.302Z"
"cmmi8iq5m00jjw8invzxjm21b","Mihalıççık","cmmi8iq4m00j1w8intjq485v2","2026-03-08T20:58:43.306Z","2026-03-08T20:58:43.306Z"
"cmmi8iq5q00jlw8inf54uqkb7","Odunpazarı","cmmi8iq4m00j1w8intjq485v2","2026-03-08T20:58:43.310Z","2026-03-08T20:58:43.310Z"
"cmmi8iq5v00jnw8in12pi8wj7","Sarıcakaya","cmmi8iq4m00j1w8intjq485v2","2026-03-08T20:58:43.315Z","2026-03-08T20:58:43.315Z"
"cmmi8iq5z00jpw8inld2p6w7f","Seyitgazi","cmmi8iq4m00j1w8intjq485v2","2026-03-08T20:58:43.320Z","2026-03-08T20:58:43.320Z"
"cmmi8iq6400jrw8inufo1q5lq","Sivrihisar","cmmi8iq4m00j1w8intjq485v2","2026-03-08T20:58:43.324Z","2026-03-08T20:58:43.324Z"
"cmmi8iq6900jtw8inbr3dp1xh","Tepebaşı","cmmi8iq4m00j1w8intjq485v2","2026-03-08T20:58:43.329Z","2026-03-08T20:58:43.329Z"
"cmmi8iq6h00jww8in6jml6ivi","Araban","cmmi8iq6d00juw8ino6kn6e94","2026-03-08T20:58:43.338Z","2026-03-08T20:58:43.338Z"
"cmmi8iq6l00jyw8inu7ho1uh8","İslahiye","cmmi8iq6d00juw8ino6kn6e94","2026-03-08T20:58:43.341Z","2026-03-08T20:58:43.341Z"
"cmmi8iq6o00k0w8in0sfu7fsi","Karkamış","cmmi8iq6d00juw8ino6kn6e94","2026-03-08T20:58:43.345Z","2026-03-08T20:58:43.345Z"
"cmmi8iq6s00k2w8inxyt4wnof","Nizip","cmmi8iq6d00juw8ino6kn6e94","2026-03-08T20:58:43.349Z","2026-03-08T20:58:43.349Z"
"cmmi8iq6w00k4w8int2glt7wz","Nurdağı","cmmi8iq6d00juw8ino6kn6e94","2026-03-08T20:58:43.352Z","2026-03-08T20:58:43.352Z"
"cmmi8iq7100k6w8iny6hc504w","Oğuzeli","cmmi8iq6d00juw8ino6kn6e94","2026-03-08T20:58:43.357Z","2026-03-08T20:58:43.357Z"
"cmmi8iq7400k8w8in7f9ovnlp","Şahinbey","cmmi8iq6d00juw8ino6kn6e94","2026-03-08T20:58:43.360Z","2026-03-08T20:58:43.360Z"
"cmmi8iq7800kaw8inr60tsqeb","Şehitkamil","cmmi8iq6d00juw8ino6kn6e94","2026-03-08T20:58:43.364Z","2026-03-08T20:58:43.364Z"
"cmmi8iq7c00kcw8inqys8htsr","Yavuzeli","cmmi8iq6d00juw8ino6kn6e94","2026-03-08T20:58:43.368Z","2026-03-08T20:58:43.368Z"
"cmmi8iq7i00kfw8in8ll434oh","Alucra","cmmi8iq7f00kdw8in5mwbummx","2026-03-08T20:58:43.375Z","2026-03-08T20:58:43.375Z"
"cmmi8iq7l00khw8in8bifl07o","Bulancak","cmmi8iq7f00kdw8in5mwbummx","2026-03-08T20:58:43.378Z","2026-03-08T20:58:43.378Z"
"cmmi8iq7p00kjw8ingof41rd7","Çamoluk","cmmi8iq7f00kdw8in5mwbummx","2026-03-08T20:58:43.381Z","2026-03-08T20:58:43.381Z"
"cmmi8iq7s00klw8inwu9psrdl","Çanakçı","cmmi8iq7f00kdw8in5mwbummx","2026-03-08T20:58:43.384Z","2026-03-08T20:58:43.384Z"
"cmmi8iq7w00knw8inlrky8x04","Dereli","cmmi8iq7f00kdw8in5mwbummx","2026-03-08T20:58:43.388Z","2026-03-08T20:58:43.388Z"
"cmmi8iq7z00kpw8ine0gpwea9","Doğankent","cmmi8iq7f00kdw8in5mwbummx","2026-03-08T20:58:43.391Z","2026-03-08T20:58:43.391Z"
"cmmi8iq8300krw8inx7svdzd5","Espiye","cmmi8iq7f00kdw8in5mwbummx","2026-03-08T20:58:43.395Z","2026-03-08T20:58:43.395Z"
"cmmi8iq8600ktw8in9jmf3vsf","Eynesil","cmmi8iq7f00kdw8in5mwbummx","2026-03-08T20:58:43.399Z","2026-03-08T20:58:43.399Z"
"cmmi8iq8a00kvw8intx9mnoj1","Görele","cmmi8iq7f00kdw8in5mwbummx","2026-03-08T20:58:43.403Z","2026-03-08T20:58:43.403Z"
"cmmi8iq8e00kxw8ini3029iom","Güce","cmmi8iq7f00kdw8in5mwbummx","2026-03-08T20:58:43.406Z","2026-03-08T20:58:43.406Z"
"cmmi8iq8h00kzw8in86ksy5rw","Keşap","cmmi8iq7f00kdw8in5mwbummx","2026-03-08T20:58:43.410Z","2026-03-08T20:58:43.410Z"
"cmmi8iq8l00l1w8inxn1f69g4","Merkez","cmmi8iq7f00kdw8in5mwbummx","2026-03-08T20:58:43.413Z","2026-03-08T20:58:43.413Z"
"cmmi8iq8o00l3w8in31hp2mvt","Piraziz","cmmi8iq7f00kdw8in5mwbummx","2026-03-08T20:58:43.417Z","2026-03-08T20:58:43.417Z"
"cmmi8iq8t00l5w8injlk4qxp3","Şebinkarahisar","cmmi8iq7f00kdw8in5mwbummx","2026-03-08T20:58:43.421Z","2026-03-08T20:58:43.421Z"
"cmmi8iq8w00l7w8intsb3hbz2","Tirebolu","cmmi8iq7f00kdw8in5mwbummx","2026-03-08T20:58:43.424Z","2026-03-08T20:58:43.424Z"
"cmmi8iq8z00l9w8inh3va85gi","Yağlıdere","cmmi8iq7f00kdw8in5mwbummx","2026-03-08T20:58:43.427Z","2026-03-08T20:58:43.427Z"
"cmmi8iq9600lcw8in3c1o4352","Kelkit","cmmi8iq9200law8inyrcrctf9","2026-03-08T20:58:43.434Z","2026-03-08T20:58:43.434Z"
"cmmi8iq9900lew8in2p2zt5ai","Köse","cmmi8iq9200law8inyrcrctf9","2026-03-08T20:58:43.437Z","2026-03-08T20:58:43.437Z"
"cmmi8iq9d00lgw8in8r48aybi","Kürtün","cmmi8iq9200law8inyrcrctf9","2026-03-08T20:58:43.441Z","2026-03-08T20:58:43.441Z"
"cmmi8iq9g00liw8inzcj5j2c8","Merkez","cmmi8iq9200law8inyrcrctf9","2026-03-08T20:58:43.445Z","2026-03-08T20:58:43.445Z"
"cmmi8iq9k00lkw8iny43k2vjq","Şiran","cmmi8iq9200law8inyrcrctf9","2026-03-08T20:58:43.448Z","2026-03-08T20:58:43.448Z"
"cmmi8iq9n00lmw8in2fnjs8nc","Torul","cmmi8iq9200law8inyrcrctf9","2026-03-08T20:58:43.452Z","2026-03-08T20:58:43.452Z"
"cmmi8iq9u00lpw8in56785uve","Çukurca","cmmi8iq9r00lnw8in5xa9c0fo","2026-03-08T20:58:43.459Z","2026-03-08T20:58:43.459Z"
"cmmi8iq9y00lrw8inksh4b2uo","Derecik","cmmi8iq9r00lnw8in5xa9c0fo","2026-03-08T20:58:43.462Z","2026-03-08T20:58:43.462Z"
"cmmi8iqa100ltw8inr3q7s2o3","Merkez","cmmi8iq9r00lnw8in5xa9c0fo","2026-03-08T20:58:43.466Z","2026-03-08T20:58:43.466Z"
"cmmi8iqa400lvw8inzpbgalzf","Şemdinli","cmmi8iq9r00lnw8in5xa9c0fo","2026-03-08T20:58:43.469Z","2026-03-08T20:58:43.469Z"
"cmmi8iqa800lxw8in87ojtg3d","Yüksekova","cmmi8iq9r00lnw8in5xa9c0fo","2026-03-08T20:58:43.472Z","2026-03-08T20:58:43.472Z"
"cmmi8iqaf00m0w8inqa0k0o2h","Altınözü","cmmi8iqab00lyw8ink9oxpcsm","2026-03-08T20:58:43.479Z","2026-03-08T20:58:43.479Z"
"cmmi8iqaj00m2w8inoq0v0t0q","Antakya","cmmi8iqab00lyw8ink9oxpcsm","2026-03-08T20:58:43.484Z","2026-03-08T20:58:43.484Z"
"cmmi8iqan00m4w8inxgdwnsgk","Arsuz","cmmi8iqab00lyw8ink9oxpcsm","2026-03-08T20:58:43.487Z","2026-03-08T20:58:43.487Z"
"cmmi8iqaq00m6w8incfejxozp","Belen","cmmi8iqab00lyw8ink9oxpcsm","2026-03-08T20:58:43.490Z","2026-03-08T20:58:43.490Z"
"cmmi8iqau00m8w8in27uiunph","Defne","cmmi8iqab00lyw8ink9oxpcsm","2026-03-08T20:58:43.495Z","2026-03-08T20:58:43.495Z"
"cmmi8iqax00maw8inhmvhb0w4","Dörtyol","cmmi8iqab00lyw8ink9oxpcsm","2026-03-08T20:58:43.498Z","2026-03-08T20:58:43.498Z"
"cmmi8iqb100mcw8inhdydqik2","Erzin","cmmi8iqab00lyw8ink9oxpcsm","2026-03-08T20:58:43.501Z","2026-03-08T20:58:43.501Z"
"cmmi8iqb400mew8inxyja299a","Hassa","cmmi8iqab00lyw8ink9oxpcsm","2026-03-08T20:58:43.504Z","2026-03-08T20:58:43.504Z"
"cmmi8iqb700mgw8inaj7emp0g","İskenderun","cmmi8iqab00lyw8ink9oxpcsm","2026-03-08T20:58:43.508Z","2026-03-08T20:58:43.508Z"
"cmmi8iqba00miw8in4dkrot86","Kırıkhan","cmmi8iqab00lyw8ink9oxpcsm","2026-03-08T20:58:43.510Z","2026-03-08T20:58:43.510Z"
"cmmi8iqbe00mkw8ingkosa34g","Kumlu","cmmi8iqab00lyw8ink9oxpcsm","2026-03-08T20:58:43.514Z","2026-03-08T20:58:43.514Z"
"cmmi8iqbh00mmw8inir9bxvlf","Payas","cmmi8iqab00lyw8ink9oxpcsm","2026-03-08T20:58:43.518Z","2026-03-08T20:58:43.518Z"
"cmmi8iqbl00mow8in99cf094i","Reyhanlı","cmmi8iqab00lyw8ink9oxpcsm","2026-03-08T20:58:43.521Z","2026-03-08T20:58:43.521Z"
"cmmi8iqbo00mqw8in8wkobho1","Samandağ","cmmi8iqab00lyw8ink9oxpcsm","2026-03-08T20:58:43.524Z","2026-03-08T20:58:43.524Z"
"cmmi8iqbr00msw8in7o5o6e5x","Yayladağı","cmmi8iqab00lyw8ink9oxpcsm","2026-03-08T20:58:43.528Z","2026-03-08T20:58:43.528Z"
"cmmi8iqby00mvw8infp1h7ufz","Aksu","cmmi8iqbu00mtw8inflo4c7ul","2026-03-08T20:58:43.534Z","2026-03-08T20:58:43.534Z"
"cmmi8iqc100mxw8inmguh70v5","Atabey","cmmi8iqbu00mtw8inflo4c7ul","2026-03-08T20:58:43.537Z","2026-03-08T20:58:43.537Z"
"cmmi8iqc400mzw8inxqzhet1s","Eğirdir","cmmi8iqbu00mtw8inflo4c7ul","2026-03-08T20:58:43.541Z","2026-03-08T20:58:43.541Z"
"cmmi8iqc800n1w8inkm6564rn","Gelendost","cmmi8iqbu00mtw8inflo4c7ul","2026-03-08T20:58:43.544Z","2026-03-08T20:58:43.544Z"
"cmmi8iqcc00n3w8in76y0vu78","Gönen","cmmi8iqbu00mtw8inflo4c7ul","2026-03-08T20:58:43.548Z","2026-03-08T20:58:43.548Z"
"cmmi8iqcf00n5w8in5264k0f5","Keçiborlu","cmmi8iqbu00mtw8inflo4c7ul","2026-03-08T20:58:43.552Z","2026-03-08T20:58:43.552Z"
"cmmi8iqcj00n7w8ini89978hl","Merkez","cmmi8iqbu00mtw8inflo4c7ul","2026-03-08T20:58:43.555Z","2026-03-08T20:58:43.555Z"
"cmmi8iqcm00n9w8in2vaan4jk","Senirkent","cmmi8iqbu00mtw8inflo4c7ul","2026-03-08T20:58:43.559Z","2026-03-08T20:58:43.559Z"
"cmmi8iqcq00nbw8inhoq03i2n","Sütçüler","cmmi8iqbu00mtw8inflo4c7ul","2026-03-08T20:58:43.563Z","2026-03-08T20:58:43.563Z"
"cmmi8iqcu00ndw8in6skxw0ch","Şarkikaraağaç","cmmi8iqbu00mtw8inflo4c7ul","2026-03-08T20:58:43.566Z","2026-03-08T20:58:43.566Z"
"cmmi8iqcx00nfw8ingmcec4xv","Uluborlu","cmmi8iqbu00mtw8inflo4c7ul","2026-03-08T20:58:43.570Z","2026-03-08T20:58:43.570Z"
"cmmi8iqd100nhw8inwkk6deba","Yalvaç","cmmi8iqbu00mtw8inflo4c7ul","2026-03-08T20:58:43.574Z","2026-03-08T20:58:43.574Z"
"cmmi8iqd500njw8inyfquipjp","Yenişarbademli","cmmi8iqbu00mtw8inflo4c7ul","2026-03-08T20:58:43.577Z","2026-03-08T20:58:43.577Z"
"cmmi8iqdc00nmw8inlhjap1vh","Akdeniz","cmmi8iqd900nkw8inm1wzfc5j","2026-03-08T20:58:43.585Z","2026-03-08T20:58:43.585Z"
"cmmi8iqdg00now8inqm495hdt","Anamur","cmmi8iqd900nkw8inm1wzfc5j","2026-03-08T20:58:43.588Z","2026-03-08T20:58:43.588Z"
"cmmi8iqdj00nqw8insagrcrzq","Aydıncık","cmmi8iqd900nkw8inm1wzfc5j","2026-03-08T20:58:43.591Z","2026-03-08T20:58:43.591Z"
"cmmi8iqdm00nsw8inabni3hzd","Bozyazı","cmmi8iqd900nkw8inm1wzfc5j","2026-03-08T20:58:43.595Z","2026-03-08T20:58:43.595Z"
"cmmi8iqdq00nuw8in5feizh4w","Çamlıyayla","cmmi8iqd900nkw8inm1wzfc5j","2026-03-08T20:58:43.598Z","2026-03-08T20:58:43.598Z"
"cmmi8iqdt00nww8inzxiqqoh5","Erdemli","cmmi8iqd900nkw8inm1wzfc5j","2026-03-08T20:58:43.602Z","2026-03-08T20:58:43.602Z"
"cmmi8iqdx00nyw8ind9pfp3qz","Gülnar","cmmi8iqd900nkw8inm1wzfc5j","2026-03-08T20:58:43.605Z","2026-03-08T20:58:43.605Z"
"cmmi8iqe000o0w8iny0j6i3fs","Mezitli","cmmi8iqd900nkw8inm1wzfc5j","2026-03-08T20:58:43.609Z","2026-03-08T20:58:43.609Z"
"cmmi8iqe400o2w8inhd7fvq2j","Mut","cmmi8iqd900nkw8inm1wzfc5j","2026-03-08T20:58:43.612Z","2026-03-08T20:58:43.612Z"
"cmmi8iqe700o4w8injcsoookg","Silifke","cmmi8iqd900nkw8inm1wzfc5j","2026-03-08T20:58:43.616Z","2026-03-08T20:58:43.616Z"
"cmmi8iqec00o6w8inttudlxot","Tarsus","cmmi8iqd900nkw8inm1wzfc5j","2026-03-08T20:58:43.620Z","2026-03-08T20:58:43.620Z"
"cmmi8iqef00o8w8in5hzm5l5w","Toroslar","cmmi8iqd900nkw8inm1wzfc5j","2026-03-08T20:58:43.624Z","2026-03-08T20:58:43.624Z"
"cmmi8iqej00oaw8inx7kwxdbe","Yenişehir","cmmi8iqd900nkw8inm1wzfc5j","2026-03-08T20:58:43.627Z","2026-03-08T20:58:43.627Z"
"cmmi8iqeq00odw8indeqoy4by","Adalar","cmmi8iqem00obw8in9os9mikw","2026-03-08T20:58:43.634Z","2026-03-08T20:58:43.634Z"
"cmmi8iqet00ofw8inlv4llfiu","Arnavutköy","cmmi8iqem00obw8in9os9mikw","2026-03-08T20:58:43.638Z","2026-03-08T20:58:43.638Z"
"cmmi8iqex00ohw8inxm5p1cl6","Ataşehir","cmmi8iqem00obw8in9os9mikw","2026-03-08T20:58:43.641Z","2026-03-08T20:58:43.641Z"
"cmmi8iqf100ojw8inypqf86f9","Avcılar","cmmi8iqem00obw8in9os9mikw","2026-03-08T20:58:43.646Z","2026-03-08T20:58:43.646Z"
"cmmi8iqf500olw8intr3j4bly","Bağcılar","cmmi8iqem00obw8in9os9mikw","2026-03-08T20:58:43.650Z","2026-03-08T20:58:43.650Z"
"cmmi8iqf800onw8inmo5op5p4","Bahçelievler","cmmi8iqem00obw8in9os9mikw","2026-03-08T20:58:43.653Z","2026-03-08T20:58:43.653Z"
"cmmi8iqfd00opw8in8ij6wjzt","Bakırköy","cmmi8iqem00obw8in9os9mikw","2026-03-08T20:58:43.657Z","2026-03-08T20:58:43.657Z"
"cmmi8iqfh00orw8inzmkqamk1","Başakşehir","cmmi8iqem00obw8in9os9mikw","2026-03-08T20:58:43.661Z","2026-03-08T20:58:43.661Z"
"cmmi8iqfk00otw8ingqhzz8e3","Bayrampaşa","cmmi8iqem00obw8in9os9mikw","2026-03-08T20:58:43.664Z","2026-03-08T20:58:43.664Z"
"cmmi8iqfn00ovw8inegzxe232","Beşiktaş","cmmi8iqem00obw8in9os9mikw","2026-03-08T20:58:43.667Z","2026-03-08T20:58:43.667Z"
"cmmi8iqfq00oxw8in3mpj4hog","Beykoz","cmmi8iqem00obw8in9os9mikw","2026-03-08T20:58:43.671Z","2026-03-08T20:58:43.671Z"
"cmmi8iqfu00ozw8in34pji5c1","Beylikdüzü","cmmi8iqem00obw8in9os9mikw","2026-03-08T20:58:43.675Z","2026-03-08T20:58:43.675Z"
"cmmi8iqfy00p1w8in5g1eocqi","Beyoğlu","cmmi8iqem00obw8in9os9mikw","2026-03-08T20:58:43.679Z","2026-03-08T20:58:43.679Z"
"cmmi8iqg200p3w8in1rtqqcgh","Büyükçekmece","cmmi8iqem00obw8in9os9mikw","2026-03-08T20:58:43.683Z","2026-03-08T20:58:43.683Z"
"cmmi8iqg600p5w8inlyz3mgb2","Çatalca","cmmi8iqem00obw8in9os9mikw","2026-03-08T20:58:43.686Z","2026-03-08T20:58:43.686Z"
"cmmi8iqg900p7w8intpa06p4y","Çekmeköy","cmmi8iqem00obw8in9os9mikw","2026-03-08T20:58:43.689Z","2026-03-08T20:58:43.689Z"
"cmmi8iqgc00p9w8inchw4w6vr","Esenler","cmmi8iqem00obw8in9os9mikw","2026-03-08T20:58:43.693Z","2026-03-08T20:58:43.693Z"
"cmmi8iqgg00pbw8in2s70uqhp","Esenyurt","cmmi8iqem00obw8in9os9mikw","2026-03-08T20:58:43.696Z","2026-03-08T20:58:43.696Z"
"cmmi8iqgk00pdw8inn47ff8vn","Eyüpsultan","cmmi8iqem00obw8in9os9mikw","2026-03-08T20:58:43.700Z","2026-03-08T20:58:43.700Z"
"cmmi8iqgn00pfw8in14wcp3jd","Fatih","cmmi8iqem00obw8in9os9mikw","2026-03-08T20:58:43.703Z","2026-03-08T20:58:43.703Z"
"cmmi8iqgq00phw8in8htvigyc","Gaziosmanpaşa","cmmi8iqem00obw8in9os9mikw","2026-03-08T20:58:43.707Z","2026-03-08T20:58:43.707Z"
"cmmi8iqgu00pjw8ind1u3awzv","Güngören","cmmi8iqem00obw8in9os9mikw","2026-03-08T20:58:43.710Z","2026-03-08T20:58:43.710Z"
"cmmi8iqgy00plw8inagw4gqs7","Kadıköy","cmmi8iqem00obw8in9os9mikw","2026-03-08T20:58:43.714Z","2026-03-08T20:58:43.714Z"
"cmmi8iqh100pnw8in5zhsihqs","Kağıthane","cmmi8iqem00obw8in9os9mikw","2026-03-08T20:58:43.717Z","2026-03-08T20:58:43.717Z"
"cmmi8iqh400ppw8intgdy8nk2","Kartal","cmmi8iqem00obw8in9os9mikw","2026-03-08T20:58:43.721Z","2026-03-08T20:58:43.721Z"
"cmmi8iqh800prw8inumy8t4ci","Küçükçekmece","cmmi8iqem00obw8in9os9mikw","2026-03-08T20:58:43.724Z","2026-03-08T20:58:43.724Z"
"cmmi8iqhb00ptw8inu0mr523x","Maltepe","cmmi8iqem00obw8in9os9mikw","2026-03-08T20:58:43.728Z","2026-03-08T20:58:43.728Z"
"cmmi8iqhe00pvw8inj82w7fmn","Pendik","cmmi8iqem00obw8in9os9mikw","2026-03-08T20:58:43.731Z","2026-03-08T20:58:43.731Z"
"cmmi8iqhi00pxw8in7wqazahy","Sancaktepe","cmmi8iqem00obw8in9os9mikw","2026-03-08T20:58:43.734Z","2026-03-08T20:58:43.734Z"
"cmmi8iqhl00pzw8inca0kw5zl","Sarıyer","cmmi8iqem00obw8in9os9mikw","2026-03-08T20:58:43.738Z","2026-03-08T20:58:43.738Z"
"cmmi8iqhp00q1w8indxzsv6ho","Silivri","cmmi8iqem00obw8in9os9mikw","2026-03-08T20:58:43.741Z","2026-03-08T20:58:43.741Z"
"cmmi8iqhs00q3w8ingcx3yeqo","Sultanbeyli","cmmi8iqem00obw8in9os9mikw","2026-03-08T20:58:43.745Z","2026-03-08T20:58:43.745Z"
"cmmi8iqhw00q5w8inm3t7sv8k","Sultangazi","cmmi8iqem00obw8in9os9mikw","2026-03-08T20:58:43.748Z","2026-03-08T20:58:43.748Z"
"cmmi8iqi000q7w8inp8dv0uuq","Şile","cmmi8iqem00obw8in9os9mikw","2026-03-08T20:58:43.752Z","2026-03-08T20:58:43.752Z"
"cmmi8iqi300q9w8inbnt8ux9t","Şişli","cmmi8iqem00obw8in9os9mikw","2026-03-08T20:58:43.756Z","2026-03-08T20:58:43.756Z"
"cmmi8iqi700qbw8in9e16jpst","Tuzla","cmmi8iqem00obw8in9os9mikw","2026-03-08T20:58:43.759Z","2026-03-08T20:58:43.759Z"
"cmmi8iqib00qdw8ingpft6saz","Ümraniye","cmmi8iqem00obw8in9os9mikw","2026-03-08T20:58:43.763Z","2026-03-08T20:58:43.763Z"
"cmmi8iqie00qfw8in65tjcqm2","Üsküdar","cmmi8iqem00obw8in9os9mikw","2026-03-08T20:58:43.767Z","2026-03-08T20:58:43.767Z"
"cmmi8iqii00qhw8inyh009rs4","Zeytinburnu","cmmi8iqem00obw8in9os9mikw","2026-03-08T20:58:43.770Z","2026-03-08T20:58:43.770Z"
"cmmi8iqip00qkw8inbltg5hb4","Aliağa","cmmi8iqil00qiw8in5nbsj7gk","2026-03-08T20:58:43.777Z","2026-03-08T20:58:43.777Z"
"cmmi8iqis00qmw8inwvij124q","Balçova","cmmi8iqil00qiw8in5nbsj7gk","2026-03-08T20:58:43.781Z","2026-03-08T20:58:43.781Z"
"cmmi8iqiw00qow8in51xqmjq7","Bayındır","cmmi8iqil00qiw8in5nbsj7gk","2026-03-08T20:58:43.785Z","2026-03-08T20:58:43.785Z"
"cmmi8iqiz00qqw8in8gklsg23","Bayraklı","cmmi8iqil00qiw8in5nbsj7gk","2026-03-08T20:58:43.788Z","2026-03-08T20:58:43.788Z"
"cmmi8iqj300qsw8ino1ympqwz","Bergama","cmmi8iqil00qiw8in5nbsj7gk","2026-03-08T20:58:43.791Z","2026-03-08T20:58:43.791Z"
"cmmi8iqj700quw8in39ithwhg","Beydağ","cmmi8iqil00qiw8in5nbsj7gk","2026-03-08T20:58:43.795Z","2026-03-08T20:58:43.795Z"
"cmmi8iqjc00qww8inr5ro09xe","Bornova","cmmi8iqil00qiw8in5nbsj7gk","2026-03-08T20:58:43.800Z","2026-03-08T20:58:43.800Z"
"cmmi8iqjg00qyw8inowc87ned","Buca","cmmi8iqil00qiw8in5nbsj7gk","2026-03-08T20:58:43.805Z","2026-03-08T20:58:43.805Z"
"cmmi8iqjk00r0w8inpk3wp2zo","Çeşme","cmmi8iqil00qiw8in5nbsj7gk","2026-03-08T20:58:43.808Z","2026-03-08T20:58:43.808Z"
"cmmi8iqjn00r2w8innb6ep7n5","Çiğli","cmmi8iqil00qiw8in5nbsj7gk","2026-03-08T20:58:43.812Z","2026-03-08T20:58:43.812Z"
"cmmi8iqjr00r4w8in6giwqkw6","Dikili","cmmi8iqil00qiw8in5nbsj7gk","2026-03-08T20:58:43.816Z","2026-03-08T20:58:43.816Z"
"cmmi8iqjv00r6w8inz7eae59g","Foça","cmmi8iqil00qiw8in5nbsj7gk","2026-03-08T20:58:43.820Z","2026-03-08T20:58:43.820Z"
"cmmi8iqjz00r8w8inoszki3rp","Gaziemir","cmmi8iqil00qiw8in5nbsj7gk","2026-03-08T20:58:43.824Z","2026-03-08T20:58:43.824Z"
"cmmi8iqk300raw8inj1r4fwx0","Güzelbahçe","cmmi8iqil00qiw8in5nbsj7gk","2026-03-08T20:58:43.827Z","2026-03-08T20:58:43.827Z"
"cmmi8iqk600rcw8in8wf7dont","Karabağlar","cmmi8iqil00qiw8in5nbsj7gk","2026-03-08T20:58:43.831Z","2026-03-08T20:58:43.831Z"
"cmmi8iqka00rew8inou1n1a4r","Karaburun","cmmi8iqil00qiw8in5nbsj7gk","2026-03-08T20:58:43.835Z","2026-03-08T20:58:43.835Z"
"cmmi8iqke00rgw8in9v5hy9f6","Karşıyaka","cmmi8iqil00qiw8in5nbsj7gk","2026-03-08T20:58:43.838Z","2026-03-08T20:58:43.838Z"
"cmmi8iqkh00riw8in85pll562","Kemalpaşa","cmmi8iqil00qiw8in5nbsj7gk","2026-03-08T20:58:43.841Z","2026-03-08T20:58:43.841Z"
"cmmi8iqkk00rkw8inui2n3koj","Kınık","cmmi8iqil00qiw8in5nbsj7gk","2026-03-08T20:58:43.845Z","2026-03-08T20:58:43.845Z"
"cmmi8iqko00rmw8indyg1unm2","Kiraz","cmmi8iqil00qiw8in5nbsj7gk","2026-03-08T20:58:43.849Z","2026-03-08T20:58:43.849Z"
"cmmi8iqks00row8insxardu7b","Konak","cmmi8iqil00qiw8in5nbsj7gk","2026-03-08T20:58:43.853Z","2026-03-08T20:58:43.853Z"
"cmmi8iqkx00rqw8inl1r8lbtb","Menderes","cmmi8iqil00qiw8in5nbsj7gk","2026-03-08T20:58:43.858Z","2026-03-08T20:58:43.858Z"
"cmmi8iql200rsw8ing6t3uy2z","Menemen","cmmi8iqil00qiw8in5nbsj7gk","2026-03-08T20:58:43.862Z","2026-03-08T20:58:43.862Z"
"cmmi8iql600ruw8in65zpgqtr","Narlıdere","cmmi8iqil00qiw8in5nbsj7gk","2026-03-08T20:58:43.866Z","2026-03-08T20:58:43.866Z"
"cmmi8iqlb00rww8inw7csm292","Ödemiş","cmmi8iqil00qiw8in5nbsj7gk","2026-03-08T20:58:43.871Z","2026-03-08T20:58:43.871Z"
"cmmi8iqlf00ryw8injvpdfbuo","Seferihisar","cmmi8iqil00qiw8in5nbsj7gk","2026-03-08T20:58:43.875Z","2026-03-08T20:58:43.875Z"
"cmmi8iqlj00s0w8inw2b2e2lv","Selçuk","cmmi8iqil00qiw8in5nbsj7gk","2026-03-08T20:58:43.879Z","2026-03-08T20:58:43.879Z"
"cmmi8iqlo00s2w8in32qa24rm","Tire","cmmi8iqil00qiw8in5nbsj7gk","2026-03-08T20:58:43.884Z","2026-03-08T20:58:43.884Z"
"cmmi8iqls00s4w8inlcnaaag5","Torbalı","cmmi8iqil00qiw8in5nbsj7gk","2026-03-08T20:58:43.888Z","2026-03-08T20:58:43.888Z"
"cmmi8iqlv00s6w8ingne588zk","Urla","cmmi8iqil00qiw8in5nbsj7gk","2026-03-08T20:58:43.892Z","2026-03-08T20:58:43.892Z"
"cmmi8iqm200s9w8inbt7293zw","Akyaka","cmmi8iqlz00s7w8inpo0bdjiy","2026-03-08T20:58:43.898Z","2026-03-08T20:58:43.898Z"
"cmmi8iqm600sbw8inqlfhbq07","Arpaçay","cmmi8iqlz00s7w8inpo0bdjiy","2026-03-08T20:58:43.902Z","2026-03-08T20:58:43.902Z"
"cmmi8iqma00sdw8in193h323m","Digor","cmmi8iqlz00s7w8inpo0bdjiy","2026-03-08T20:58:43.906Z","2026-03-08T20:58:43.906Z"
"cmmi8iqmd00sfw8in9sd86y93","Kağızman","cmmi8iqlz00s7w8inpo0bdjiy","2026-03-08T20:58:43.910Z","2026-03-08T20:58:43.910Z"
"cmmi8iqmi00shw8in1yl3ore2","Merkez","cmmi8iqlz00s7w8inpo0bdjiy","2026-03-08T20:58:43.915Z","2026-03-08T20:58:43.915Z"
"cmmi8iqml00sjw8in4sfhegau","Sarıkamış","cmmi8iqlz00s7w8inpo0bdjiy","2026-03-08T20:58:43.918Z","2026-03-08T20:58:43.918Z"
"cmmi8iqmp00slw8in5ru5wg6x","Selim","cmmi8iqlz00s7w8inpo0bdjiy","2026-03-08T20:58:43.921Z","2026-03-08T20:58:43.921Z"
"cmmi8iqms00snw8inft5h33ix","Susuz","cmmi8iqlz00s7w8inpo0bdjiy","2026-03-08T20:58:43.925Z","2026-03-08T20:58:43.925Z"
"cmmi8iqmz00sqw8inself2b1s","Abana","cmmi8iqmw00sow8in85z33e44","2026-03-08T20:58:43.932Z","2026-03-08T20:58:43.932Z"
"cmmi8iqn300ssw8inzlxuly2p","Ağlı","cmmi8iqmw00sow8in85z33e44","2026-03-08T20:58:43.935Z","2026-03-08T20:58:43.935Z"
"cmmi8iqn600suw8infgoxshyr","Araç","cmmi8iqmw00sow8in85z33e44","2026-03-08T20:58:43.939Z","2026-03-08T20:58:43.939Z"
"cmmi8iqna00sww8in78sar3m6","Azdavay","cmmi8iqmw00sow8in85z33e44","2026-03-08T20:58:43.942Z","2026-03-08T20:58:43.942Z"
"cmmi8iqnd00syw8inf9qp9ext","Bozkurt","cmmi8iqmw00sow8in85z33e44","2026-03-08T20:58:43.946Z","2026-03-08T20:58:43.946Z"
"cmmi8iqnh00t0w8inrb7nbj4x","Cide","cmmi8iqmw00sow8in85z33e44","2026-03-08T20:58:43.949Z","2026-03-08T20:58:43.949Z"
"cmmi8iqnk00t2w8int1g5gval","Çatalzeytin","cmmi8iqmw00sow8in85z33e44","2026-03-08T20:58:43.953Z","2026-03-08T20:58:43.953Z"
"cmmi8iqno00t4w8in7jiwjilw","Daday","cmmi8iqmw00sow8in85z33e44","2026-03-08T20:58:43.957Z","2026-03-08T20:58:43.957Z"
"cmmi8iqns00t6w8in0ub6oio5","Devrekani","cmmi8iqmw00sow8in85z33e44","2026-03-08T20:58:43.961Z","2026-03-08T20:58:43.961Z"
"cmmi8iqnv00t8w8invsjf0kbe","Doğanyurt","cmmi8iqmw00sow8in85z33e44","2026-03-08T20:58:43.964Z","2026-03-08T20:58:43.964Z"
"cmmi8iqnz00taw8inlgcacjfl","Hanönü","cmmi8iqmw00sow8in85z33e44","2026-03-08T20:58:43.967Z","2026-03-08T20:58:43.967Z"
"cmmi8iqo200tcw8in4rtwvjvm","İhsangazi","cmmi8iqmw00sow8in85z33e44","2026-03-08T20:58:43.970Z","2026-03-08T20:58:43.970Z"
"cmmi8iqo600tew8in0aosfgfw","İnebolu","cmmi8iqmw00sow8in85z33e44","2026-03-08T20:58:43.974Z","2026-03-08T20:58:43.974Z"
"cmmi8iqo900tgw8inj50yr7w1","Küre","cmmi8iqmw00sow8in85z33e44","2026-03-08T20:58:43.978Z","2026-03-08T20:58:43.978Z"
"cmmi8iqod00tiw8inhgg9ny2h","Merkez","cmmi8iqmw00sow8in85z33e44","2026-03-08T20:58:43.982Z","2026-03-08T20:58:43.982Z"
"cmmi8iqoi00tkw8ingd2fpsh8","Pınarbaşı","cmmi8iqmw00sow8in85z33e44","2026-03-08T20:58:43.986Z","2026-03-08T20:58:43.986Z"
"cmmi8iqol00tmw8in1xhwmp85","Seydiler","cmmi8iqmw00sow8in85z33e44","2026-03-08T20:58:43.989Z","2026-03-08T20:58:43.989Z"
"cmmi8iqop00tow8inj6ssimrm","Şenpazar","cmmi8iqmw00sow8in85z33e44","2026-03-08T20:58:43.993Z","2026-03-08T20:58:43.993Z"
"cmmi8iqot00tqw8in6xr48qu3","Taşköprü","cmmi8iqmw00sow8in85z33e44","2026-03-08T20:58:43.997Z","2026-03-08T20:58:43.997Z"
"cmmi8iqox00tsw8inhb2d08vk","Tosya","cmmi8iqmw00sow8in85z33e44","2026-03-08T20:58:44.001Z","2026-03-08T20:58:44.001Z"
"cmmi8iqp300tvw8inkixwwxgg","Akkışla","cmmi8iqp000ttw8in01ngsqmr","2026-03-08T20:58:44.008Z","2026-03-08T20:58:44.008Z"
"cmmi8iqp700txw8inmul5v6f5","Bünyan","cmmi8iqp000ttw8in01ngsqmr","2026-03-08T20:58:44.012Z","2026-03-08T20:58:44.012Z"
"cmmi8iqpb00tzw8injiul41f7","Develi","cmmi8iqp000ttw8in01ngsqmr","2026-03-08T20:58:44.015Z","2026-03-08T20:58:44.015Z"
"cmmi8iqpe00u1w8in6owwx7o4","Felahiye","cmmi8iqp000ttw8in01ngsqmr","2026-03-08T20:58:44.018Z","2026-03-08T20:58:44.018Z"
"cmmi8iqpi00u3w8innq3enk45","Hacılar","cmmi8iqp000ttw8in01ngsqmr","2026-03-08T20:58:44.022Z","2026-03-08T20:58:44.022Z"
"cmmi8iqpl00u5w8in4vtsb403","İncesu","cmmi8iqp000ttw8in01ngsqmr","2026-03-08T20:58:44.026Z","2026-03-08T20:58:44.026Z"
"cmmi8iqpp00u7w8ini93zctto","Kocasinan","cmmi8iqp000ttw8in01ngsqmr","2026-03-08T20:58:44.029Z","2026-03-08T20:58:44.029Z"
"cmmi8iqpt00u9w8in5ef7h32v","Melikgazi","cmmi8iqp000ttw8in01ngsqmr","2026-03-08T20:58:44.033Z","2026-03-08T20:58:44.033Z"
"cmmi8iqpw00ubw8inhfep0bcm","Özvatan","cmmi8iqp000ttw8in01ngsqmr","2026-03-08T20:58:44.037Z","2026-03-08T20:58:44.037Z"
"cmmi8iqq100udw8in5wun78hd","Pınarbaşı","cmmi8iqp000ttw8in01ngsqmr","2026-03-08T20:58:44.041Z","2026-03-08T20:58:44.041Z"
"cmmi8iqq400ufw8inul27s46q","Sarıoğlan","cmmi8iqp000ttw8in01ngsqmr","2026-03-08T20:58:44.044Z","2026-03-08T20:58:44.044Z"
"cmmi8iqq700uhw8invxtg0bm5","Sarız","cmmi8iqp000ttw8in01ngsqmr","2026-03-08T20:58:44.047Z","2026-03-08T20:58:44.047Z"
"cmmi8iqqa00ujw8in1dhbtx8v","Talas","cmmi8iqp000ttw8in01ngsqmr","2026-03-08T20:58:44.051Z","2026-03-08T20:58:44.051Z"
"cmmi8iqqe00ulw8invy1wi9hb","Tomarza","cmmi8iqp000ttw8in01ngsqmr","2026-03-08T20:58:44.055Z","2026-03-08T20:58:44.055Z"
"cmmi8iqqi00unw8in4liifn3t","Yahyalı","cmmi8iqp000ttw8in01ngsqmr","2026-03-08T20:58:44.058Z","2026-03-08T20:58:44.058Z"
"cmmi8iqqm00upw8inat8xo8zy","Yeşilhisar","cmmi8iqp000ttw8in01ngsqmr","2026-03-08T20:58:44.062Z","2026-03-08T20:58:44.062Z"
"cmmi8iqqs00usw8in2538bo9o","Babaeski","cmmi8iqqp00uqw8in845rit83","2026-03-08T20:58:44.069Z","2026-03-08T20:58:44.069Z"
"cmmi8iqqw00uuw8inq0co8ja6","Demirköy","cmmi8iqqp00uqw8in845rit83","2026-03-08T20:58:44.072Z","2026-03-08T20:58:44.072Z"
"cmmi8iqr000uww8inqg6u8ip0","Kofçaz","cmmi8iqqp00uqw8in845rit83","2026-03-08T20:58:44.076Z","2026-03-08T20:58:44.076Z"
"cmmi8iqr300uyw8in991chtb4","Lüleburgaz","cmmi8iqqp00uqw8in845rit83","2026-03-08T20:58:44.079Z","2026-03-08T20:58:44.079Z"
"cmmi8iqr700v0w8inhlyp4xgv","Merkez","cmmi8iqqp00uqw8in845rit83","2026-03-08T20:58:44.083Z","2026-03-08T20:58:44.083Z"
"cmmi8iqra00v2w8invvkl2b5d","Pehlivanköy","cmmi8iqqp00uqw8in845rit83","2026-03-08T20:58:44.087Z","2026-03-08T20:58:44.087Z"
"cmmi8iqre00v4w8inj9ki24ul","Pınarhisar","cmmi8iqqp00uqw8in845rit83","2026-03-08T20:58:44.090Z","2026-03-08T20:58:44.090Z"
"cmmi8iqri00v6w8inv46vc5kj","Vize","cmmi8iqqp00uqw8in845rit83","2026-03-08T20:58:44.095Z","2026-03-08T20:58:44.095Z"
"cmmi8iqrp00v9w8inaouuvnw3","Akçakent","cmmi8iqrm00v7w8inow10fvv8","2026-03-08T20:58:44.101Z","2026-03-08T20:58:44.101Z"
"cmmi8iqrt00vbw8inqqb0oker","Akpınar","cmmi8iqrm00v7w8inow10fvv8","2026-03-08T20:58:44.105Z","2026-03-08T20:58:44.105Z"
"cmmi8iqrw00vdw8inf6pfo3gi","Boztepe","cmmi8iqrm00v7w8inow10fvv8","2026-03-08T20:58:44.109Z","2026-03-08T20:58:44.109Z"
"cmmi8iqs000vfw8inyvjrk4y6","Çiçekdağı","cmmi8iqrm00v7w8inow10fvv8","2026-03-08T20:58:44.112Z","2026-03-08T20:58:44.112Z"
"cmmi8iqs300vhw8inedyf2c0g","Kaman","cmmi8iqrm00v7w8inow10fvv8","2026-03-08T20:58:44.116Z","2026-03-08T20:58:44.116Z"
"cmmi8iqs700vjw8innn6bbp7b","Merkez","cmmi8iqrm00v7w8inow10fvv8","2026-03-08T20:58:44.120Z","2026-03-08T20:58:44.120Z"
"cmmi8iqsb00vlw8in5t4sa4w1","Mucur","cmmi8iqrm00v7w8inow10fvv8","2026-03-08T20:58:44.123Z","2026-03-08T20:58:44.123Z"
"cmmi8iqsh00vow8inujd674mz","Başiskele","cmmi8iqse00vmw8iniez2qjlo","2026-03-08T20:58:44.129Z","2026-03-08T20:58:44.129Z"
"cmmi8iqsl00vqw8inwd1oiteg","Çayırova","cmmi8iqse00vmw8iniez2qjlo","2026-03-08T20:58:44.133Z","2026-03-08T20:58:44.133Z"
"cmmi8iqso00vsw8in2xi3nrkw","Darıca","cmmi8iqse00vmw8iniez2qjlo","2026-03-08T20:58:44.137Z","2026-03-08T20:58:44.137Z"
"cmmi8iqss00vuw8inatypl7nd","Derince","cmmi8iqse00vmw8iniez2qjlo","2026-03-08T20:58:44.141Z","2026-03-08T20:58:44.141Z"
"cmmi8iqsv00vww8inhfj2b1al","Dilovası","cmmi8iqse00vmw8iniez2qjlo","2026-03-08T20:58:44.144Z","2026-03-08T20:58:44.144Z"
"cmmi8iqsz00vyw8inyhqlym47","Gebze","cmmi8iqse00vmw8iniez2qjlo","2026-03-08T20:58:44.147Z","2026-03-08T20:58:44.147Z"
"cmmi8iqt300w0w8insfwmbnfe","Gölcük","cmmi8iqse00vmw8iniez2qjlo","2026-03-08T20:58:44.151Z","2026-03-08T20:58:44.151Z"
"cmmi8iqt600w2w8in00t0m5ux","İzmit","cmmi8iqse00vmw8iniez2qjlo","2026-03-08T20:58:44.155Z","2026-03-08T20:58:44.155Z"
"cmmi8iqta00w4w8ini6y6q1yi","Kandıra","cmmi8iqse00vmw8iniez2qjlo","2026-03-08T20:58:44.158Z","2026-03-08T20:58:44.158Z"
"cmmi8iqtd00w6w8insnsodmqg","Karamürsel","cmmi8iqse00vmw8iniez2qjlo","2026-03-08T20:58:44.161Z","2026-03-08T20:58:44.161Z"
"cmmi8iqtg00w8w8inydtn29lo","Kartepe","cmmi8iqse00vmw8iniez2qjlo","2026-03-08T20:58:44.165Z","2026-03-08T20:58:44.165Z"
"cmmi8iqtk00waw8incgturaij","Körfez","cmmi8iqse00vmw8iniez2qjlo","2026-03-08T20:58:44.169Z","2026-03-08T20:58:44.169Z"
"cmmi8iqtr00wdw8injqi5zzkt","Ahırlı","cmmi8iqtn00wbw8inctr863jw","2026-03-08T20:58:44.175Z","2026-03-08T20:58:44.175Z"
"cmmi8iqtu00wfw8in4w3j01my","Akören","cmmi8iqtn00wbw8inctr863jw","2026-03-08T20:58:44.178Z","2026-03-08T20:58:44.178Z"
"cmmi8iqty00whw8in8oumtb0i","Akşehir","cmmi8iqtn00wbw8inctr863jw","2026-03-08T20:58:44.182Z","2026-03-08T20:58:44.182Z"
"cmmi8iqu100wjw8insf1arvia","Altınekin","cmmi8iqtn00wbw8inctr863jw","2026-03-08T20:58:44.186Z","2026-03-08T20:58:44.186Z"
"cmmi8iqu500wlw8indxhzpqak","Beyşehir","cmmi8iqtn00wbw8inctr863jw","2026-03-08T20:58:44.189Z","2026-03-08T20:58:44.189Z"
"cmmi8iqu900wnw8injxjmfrhu","Bozkır","cmmi8iqtn00wbw8inctr863jw","2026-03-08T20:58:44.193Z","2026-03-08T20:58:44.193Z"
"cmmi8iqud00wpw8incl45m6n4","Cihanbeyli","cmmi8iqtn00wbw8inctr863jw","2026-03-08T20:58:44.197Z","2026-03-08T20:58:44.197Z"
"cmmi8iqug00wrw8inp341i8tp","Çeltik","cmmi8iqtn00wbw8inctr863jw","2026-03-08T20:58:44.201Z","2026-03-08T20:58:44.201Z"
"cmmi8iquk00wtw8inan2f1zxi","Çumra","cmmi8iqtn00wbw8inctr863jw","2026-03-08T20:58:44.205Z","2026-03-08T20:58:44.205Z"
"cmmi8iqup00wvw8inwjrhmc64","Derbent","cmmi8iqtn00wbw8inctr863jw","2026-03-08T20:58:44.210Z","2026-03-08T20:58:44.210Z"
"cmmi8iqut00wxw8ingfsdvwba","Derebucak","cmmi8iqtn00wbw8inctr863jw","2026-03-08T20:58:44.213Z","2026-03-08T20:58:44.213Z"
"cmmi8iqux00wzw8inc4ejb8aa","Doğanhisar","cmmi8iqtn00wbw8inctr863jw","2026-03-08T20:58:44.217Z","2026-03-08T20:58:44.217Z"
"cmmi8iqv100x1w8in8jsrmccj","Emirgazi","cmmi8iqtn00wbw8inctr863jw","2026-03-08T20:58:44.221Z","2026-03-08T20:58:44.221Z"
"cmmi8iqv400x3w8inmaww0v0i","Ereğli","cmmi8iqtn00wbw8inctr863jw","2026-03-08T20:58:44.224Z","2026-03-08T20:58:44.224Z"
"cmmi8iqv700x5w8in1ic3w057","Güneysınır","cmmi8iqtn00wbw8inctr863jw","2026-03-08T20:58:44.227Z","2026-03-08T20:58:44.227Z"
"cmmi8iqva00x7w8inp7y3ebwn","Hadim","cmmi8iqtn00wbw8inctr863jw","2026-03-08T20:58:44.231Z","2026-03-08T20:58:44.231Z"
"cmmi8iqvf00x9w8inn0gkltv9","Halkapınar","cmmi8iqtn00wbw8inctr863jw","2026-03-08T20:58:44.235Z","2026-03-08T20:58:44.235Z"
"cmmi8iqvi00xbw8in2yp5kx8m","Hüyük","cmmi8iqtn00wbw8inctr863jw","2026-03-08T20:58:44.239Z","2026-03-08T20:58:44.239Z"
"cmmi8iqvm00xdw8indpk4g2ys","Ilgın","cmmi8iqtn00wbw8inctr863jw","2026-03-08T20:58:44.242Z","2026-03-08T20:58:44.242Z"
"cmmi8iqvp00xfw8inqk4xj4oh","Kadınhanı","cmmi8iqtn00wbw8inctr863jw","2026-03-08T20:58:44.246Z","2026-03-08T20:58:44.246Z"
"cmmi8iqvt00xhw8inlrvri7sp","Karapınar","cmmi8iqtn00wbw8inctr863jw","2026-03-08T20:58:44.250Z","2026-03-08T20:58:44.250Z"
"cmmi8iqvx00xjw8inyaab7uvu","Karatay","cmmi8iqtn00wbw8inctr863jw","2026-03-08T20:58:44.253Z","2026-03-08T20:58:44.253Z"
"cmmi8iqw000xlw8inc9qnbg5y","Kulu","cmmi8iqtn00wbw8inctr863jw","2026-03-08T20:58:44.257Z","2026-03-08T20:58:44.257Z"
"cmmi8iqw400xnw8inguj3rp7t","Meram","cmmi8iqtn00wbw8inctr863jw","2026-03-08T20:58:44.261Z","2026-03-08T20:58:44.261Z"
"cmmi8iqw800xpw8in4mvq1k0x","Sarayönü","cmmi8iqtn00wbw8inctr863jw","2026-03-08T20:58:44.264Z","2026-03-08T20:58:44.264Z"
"cmmi8iqwb00xrw8incq5s4l8g","Selçuklu","cmmi8iqtn00wbw8inctr863jw","2026-03-08T20:58:44.268Z","2026-03-08T20:58:44.268Z"
"cmmi8iqwf00xtw8infc391gqw","Seydişehir","cmmi8iqtn00wbw8inctr863jw","2026-03-08T20:58:44.271Z","2026-03-08T20:58:44.271Z"
"cmmi8iqwi00xvw8in3gs6nvff","Taşkent","cmmi8iqtn00wbw8inctr863jw","2026-03-08T20:58:44.275Z","2026-03-08T20:58:44.275Z"
"cmmi8iqwm00xxw8inkd5eyfar","Tuzlukçu","cmmi8iqtn00wbw8inctr863jw","2026-03-08T20:58:44.278Z","2026-03-08T20:58:44.278Z"
"cmmi8iqwp00xzw8inzja3lqio","Yalıhüyük","cmmi8iqtn00wbw8inctr863jw","2026-03-08T20:58:44.282Z","2026-03-08T20:58:44.282Z"
"cmmi8iqwt00y1w8inof2m2vgc","Yunak","cmmi8iqtn00wbw8inctr863jw","2026-03-08T20:58:44.285Z","2026-03-08T20:58:44.285Z"
"cmmi8iqx100y4w8inaw2vbevo","Altıntaş","cmmi8iqww00y2w8inwb00cjd5","2026-03-08T20:58:44.293Z","2026-03-08T20:58:44.293Z"
"cmmi8iqx500y6w8inanm2fzs7","Aslanapa","cmmi8iqww00y2w8inwb00cjd5","2026-03-08T20:58:44.297Z","2026-03-08T20:58:44.297Z"
"cmmi8iqxa00y8w8in65dqotje","Çavdarhisar","cmmi8iqww00y2w8inwb00cjd5","2026-03-08T20:58:44.302Z","2026-03-08T20:58:44.302Z"
"cmmi8iqxe00yaw8inuoqeezbh","Domaniç","cmmi8iqww00y2w8inwb00cjd5","2026-03-08T20:58:44.306Z","2026-03-08T20:58:44.306Z"
"cmmi8iqxi00ycw8ins9c3x8tu","Dumlupınar","cmmi8iqww00y2w8inwb00cjd5","2026-03-08T20:58:44.310Z","2026-03-08T20:58:44.310Z"
"cmmi8iqxm00yew8in7r21kwnq","Emet","cmmi8iqww00y2w8inwb00cjd5","2026-03-08T20:58:44.314Z","2026-03-08T20:58:44.314Z"
"cmmi8iqxq00ygw8insup0vikp","Gediz","cmmi8iqww00y2w8inwb00cjd5","2026-03-08T20:58:44.318Z","2026-03-08T20:58:44.318Z"
"cmmi8iqxu00yiw8incuq0lgvk","Hisarcık","cmmi8iqww00y2w8inwb00cjd5","2026-03-08T20:58:44.322Z","2026-03-08T20:58:44.322Z"
"cmmi8iqxx00ykw8in23wgvzi3","Merkez","cmmi8iqww00y2w8inwb00cjd5","2026-03-08T20:58:44.325Z","2026-03-08T20:58:44.325Z"
"cmmi8iqy100ymw8inmloqldn0","Pazarlar","cmmi8iqww00y2w8inwb00cjd5","2026-03-08T20:58:44.329Z","2026-03-08T20:58:44.329Z"
"cmmi8iqy500yow8inb1rwj18h","Simav","cmmi8iqww00y2w8inwb00cjd5","2026-03-08T20:58:44.334Z","2026-03-08T20:58:44.334Z"
"cmmi8iqya00yqw8ing68hf4ui","Şaphane","cmmi8iqww00y2w8inwb00cjd5","2026-03-08T20:58:44.338Z","2026-03-08T20:58:44.338Z"
"cmmi8iqye00ysw8in0gdmfcac","Tavşanlı","cmmi8iqww00y2w8inwb00cjd5","2026-03-08T20:58:44.343Z","2026-03-08T20:58:44.343Z"
"cmmi8iqym00yvw8inm3y60s5v","Akçadağ","cmmi8iqyi00ytw8intct5wmj1","2026-03-08T20:58:44.350Z","2026-03-08T20:58:44.350Z"
"cmmi8iqyq00yxw8in7msbs5jk","Arapgir","cmmi8iqyi00ytw8intct5wmj1","2026-03-08T20:58:44.355Z","2026-03-08T20:58:44.355Z"
"cmmi8iqyu00yzw8intctri3fk","Arguvan","cmmi8iqyi00ytw8intct5wmj1","2026-03-08T20:58:44.358Z","2026-03-08T20:58:44.358Z"
"cmmi8iqyy00z1w8inr0etfd4h","Battalgazi","cmmi8iqyi00ytw8intct5wmj1","2026-03-08T20:58:44.362Z","2026-03-08T20:58:44.362Z"
"cmmi8iqz100z3w8inc2yrgp8l","Darende","cmmi8iqyi00ytw8intct5wmj1","2026-03-08T20:58:44.366Z","2026-03-08T20:58:44.366Z"
"cmmi8iqz500z5w8in15wdjtd5","Doğanşehir","cmmi8iqyi00ytw8intct5wmj1","2026-03-08T20:58:44.370Z","2026-03-08T20:58:44.370Z"
"cmmi8iqz900z7w8inhi9gfsu6","Doğanyol","cmmi8iqyi00ytw8intct5wmj1","2026-03-08T20:58:44.373Z","2026-03-08T20:58:44.373Z"
"cmmi8iqzd00z9w8in5retj651","Hekimhan","cmmi8iqyi00ytw8intct5wmj1","2026-03-08T20:58:44.378Z","2026-03-08T20:58:44.378Z"
"cmmi8iqzh00zbw8inpp5k9292","Kale","cmmi8iqyi00ytw8intct5wmj1","2026-03-08T20:58:44.381Z","2026-03-08T20:58:44.381Z"
"cmmi8iqzk00zdw8in177wze3u","Kuluncak","cmmi8iqyi00ytw8intct5wmj1","2026-03-08T20:58:44.385Z","2026-03-08T20:58:44.385Z"
"cmmi8iqzn00zfw8injpi4oemz","Pütürge","cmmi8iqyi00ytw8intct5wmj1","2026-03-08T20:58:44.388Z","2026-03-08T20:58:44.388Z"
"cmmi8iqzr00zhw8in26x4w5hq","Yazıhan","cmmi8iqyi00ytw8intct5wmj1","2026-03-08T20:58:44.392Z","2026-03-08T20:58:44.392Z"
"cmmi8iqzv00zjw8inhzogymin","Yeşilyurt","cmmi8iqyi00ytw8intct5wmj1","2026-03-08T20:58:44.395Z","2026-03-08T20:58:44.395Z"
"cmmi8ir0200zmw8inwqecq6is","Ahmetli","cmmi8iqzy00zkw8in6ic31lhj","2026-03-08T20:58:44.402Z","2026-03-08T20:58:44.402Z"
"cmmi8ir0500zow8in80qonv1y","Akhisar","cmmi8iqzy00zkw8in6ic31lhj","2026-03-08T20:58:44.406Z","2026-03-08T20:58:44.406Z"
"cmmi8ir0900zqw8in6b3649sz","Alaşehir","cmmi8iqzy00zkw8in6ic31lhj","2026-03-08T20:58:44.409Z","2026-03-08T20:58:44.409Z"
"cmmi8ir0c00zsw8inn05h0kqf","Demirci","cmmi8iqzy00zkw8in6ic31lhj","2026-03-08T20:58:44.412Z","2026-03-08T20:58:44.412Z"
"cmmi8ir0g00zuw8inesgc8y35","Gölmarmara","cmmi8iqzy00zkw8in6ic31lhj","2026-03-08T20:58:44.416Z","2026-03-08T20:58:44.416Z"
"cmmi8ir0j00zww8intgs6obmn","Gördes","cmmi8iqzy00zkw8in6ic31lhj","2026-03-08T20:58:44.419Z","2026-03-08T20:58:44.419Z"
"cmmi8ir0m00zyw8in600ue8am","Kırkağaç","cmmi8iqzy00zkw8in6ic31lhj","2026-03-08T20:58:44.423Z","2026-03-08T20:58:44.423Z"
"cmmi8ir0q0100w8inpnleus1q","Köprübaşı","cmmi8iqzy00zkw8in6ic31lhj","2026-03-08T20:58:44.426Z","2026-03-08T20:58:44.426Z"
"cmmi8ir0u0102w8incxu7czde","Kula","cmmi8iqzy00zkw8in6ic31lhj","2026-03-08T20:58:44.430Z","2026-03-08T20:58:44.430Z"
"cmmi8ir0x0104w8in7x3jf8zw","Salihli","cmmi8iqzy00zkw8in6ic31lhj","2026-03-08T20:58:44.434Z","2026-03-08T20:58:44.434Z"
"cmmi8ir110106w8inrk8ofbe1","Sarıgöl","cmmi8iqzy00zkw8in6ic31lhj","2026-03-08T20:58:44.437Z","2026-03-08T20:58:44.437Z"
"cmmi8ir150108w8in7y0ix19d","Saruhanlı","cmmi8iqzy00zkw8in6ic31lhj","2026-03-08T20:58:44.441Z","2026-03-08T20:58:44.441Z"
"cmmi8ir18010aw8inrfb4c7lk","Selendi","cmmi8iqzy00zkw8in6ic31lhj","2026-03-08T20:58:44.445Z","2026-03-08T20:58:44.445Z"
"cmmi8ir1c010cw8int40xffrs","Soma","cmmi8iqzy00zkw8in6ic31lhj","2026-03-08T20:58:44.448Z","2026-03-08T20:58:44.448Z"
"cmmi8ir1f010ew8inpnwppmsi","Şehzadeler","cmmi8iqzy00zkw8in6ic31lhj","2026-03-08T20:58:44.451Z","2026-03-08T20:58:44.451Z"
"cmmi8ir1j010gw8inqjyqfxs3","Turgutlu","cmmi8iqzy00zkw8in6ic31lhj","2026-03-08T20:58:44.455Z","2026-03-08T20:58:44.455Z"
"cmmi8ir1m010iw8initw9ktnd","Yunusemre","cmmi8iqzy00zkw8in6ic31lhj","2026-03-08T20:58:44.458Z","2026-03-08T20:58:44.458Z"
"cmmi8ir1t010lw8inmqgmdakl","Afşin","cmmi8ir1q010jw8ing6ramqqj","2026-03-08T20:58:44.466Z","2026-03-08T20:58:44.466Z"
"cmmi8ir1x010nw8inmh79ukt1","Andırın","cmmi8ir1q010jw8ing6ramqqj","2026-03-08T20:58:44.469Z","2026-03-08T20:58:44.469Z"
"cmmi8ir20010pw8in9ymy8884","Çağlayancerit","cmmi8ir1q010jw8ing6ramqqj","2026-03-08T20:58:44.472Z","2026-03-08T20:58:44.472Z"
"cmmi8ir24010rw8inihzfsoo8","Dulkadiroğlu","cmmi8ir1q010jw8ing6ramqqj","2026-03-08T20:58:44.476Z","2026-03-08T20:58:44.476Z"
"cmmi8ir27010tw8inafqffyie","Ekinözü","cmmi8ir1q010jw8ing6ramqqj","2026-03-08T20:58:44.480Z","2026-03-08T20:58:44.480Z"
"cmmi8ir2b010vw8inmak4lq6d","Elbistan","cmmi8ir1q010jw8ing6ramqqj","2026-03-08T20:58:44.484Z","2026-03-08T20:58:44.484Z"
"cmmi8ir2f010xw8ing8uhvtj1","Göksun","cmmi8ir1q010jw8ing6ramqqj","2026-03-08T20:58:44.488Z","2026-03-08T20:58:44.488Z"
"cmmi8ir2j010zw8inhuml5ppt","Nurhak","cmmi8ir1q010jw8ing6ramqqj","2026-03-08T20:58:44.491Z","2026-03-08T20:58:44.491Z"
"cmmi8ir2n0111w8ind3o1anqt","Onikişubat","cmmi8ir1q010jw8ing6ramqqj","2026-03-08T20:58:44.495Z","2026-03-08T20:58:44.495Z"
"cmmi8ir2q0113w8inwnck60fg","Pazarcık","cmmi8ir1q010jw8ing6ramqqj","2026-03-08T20:58:44.499Z","2026-03-08T20:58:44.499Z"
"cmmi8ir2u0115w8inw1n1o07p","Türkoğlu","cmmi8ir1q010jw8ing6ramqqj","2026-03-08T20:58:44.502Z","2026-03-08T20:58:44.502Z"
"cmmi8ir310118w8inses8c0c7","Artuklu","cmmi8ir2x0116w8inqh5k9jtb","2026-03-08T20:58:44.509Z","2026-03-08T20:58:44.509Z"
"cmmi8ir35011aw8in6zdo50hc","Dargeçit","cmmi8ir2x0116w8inqh5k9jtb","2026-03-08T20:58:44.513Z","2026-03-08T20:58:44.513Z"
"cmmi8ir38011cw8in2ikq4hqg","Derik","cmmi8ir2x0116w8inqh5k9jtb","2026-03-08T20:58:44.517Z","2026-03-08T20:58:44.517Z"
"cmmi8ir3c011ew8inaxbf1ou6","Kızıltepe","cmmi8ir2x0116w8inqh5k9jtb","2026-03-08T20:58:44.521Z","2026-03-08T20:58:44.521Z"
"cmmi8ir3f011gw8inxf1w622m","Mazıdağı","cmmi8ir2x0116w8inqh5k9jtb","2026-03-08T20:58:44.524Z","2026-03-08T20:58:44.524Z"
"cmmi8ir3j011iw8inmwds3qes","Midyat","cmmi8ir2x0116w8inqh5k9jtb","2026-03-08T20:58:44.527Z","2026-03-08T20:58:44.527Z"
"cmmi8ir3m011kw8inat6meqre","Nusaybin","cmmi8ir2x0116w8inqh5k9jtb","2026-03-08T20:58:44.530Z","2026-03-08T20:58:44.530Z"
"cmmi8ir3q011mw8inl0crqle7","Ömerli","cmmi8ir2x0116w8inqh5k9jtb","2026-03-08T20:58:44.534Z","2026-03-08T20:58:44.534Z"
"cmmi8ir3t011ow8in580lp5v6","Savur","cmmi8ir2x0116w8inqh5k9jtb","2026-03-08T20:58:44.538Z","2026-03-08T20:58:44.538Z"
"cmmi8ir3x011qw8ins5ng34lf","Yeşilli","cmmi8ir2x0116w8inqh5k9jtb","2026-03-08T20:58:44.542Z","2026-03-08T20:58:44.542Z"
"cmmi8ir43011tw8inps57o3lg","Bodrum","cmmi8ir40011rw8inrql4y0ou","2026-03-08T20:58:44.548Z","2026-03-08T20:58:44.548Z"
"cmmi8ir47011vw8inx937n4xl","Dalaman","cmmi8ir40011rw8inrql4y0ou","2026-03-08T20:58:44.551Z","2026-03-08T20:58:44.551Z"
"cmmi8ir4b011xw8ingi059eoc","Datça","cmmi8ir40011rw8inrql4y0ou","2026-03-08T20:58:44.555Z","2026-03-08T20:58:44.555Z"
"cmmi8ir4e011zw8inioidne9j","Fethiye","cmmi8ir40011rw8inrql4y0ou","2026-03-08T20:58:44.559Z","2026-03-08T20:58:44.559Z"
"cmmi8ir4i0121w8inyyksbrge","Kavaklıdere","cmmi8ir40011rw8inrql4y0ou","2026-03-08T20:58:44.562Z","2026-03-08T20:58:44.562Z"
"cmmi8ir4l0123w8in1p8qz99g","Köyceğiz","cmmi8ir40011rw8inrql4y0ou","2026-03-08T20:58:44.566Z","2026-03-08T20:58:44.566Z"
"cmmi8ir4p0125w8intnyy2vw0","Marmaris","cmmi8ir40011rw8inrql4y0ou","2026-03-08T20:58:44.570Z","2026-03-08T20:58:44.570Z"
"cmmi8ir4s0127w8injn9ytkj5","Menteşe","cmmi8ir40011rw8inrql4y0ou","2026-03-08T20:58:44.573Z","2026-03-08T20:58:44.573Z"
"cmmi8ir4w0129w8inhiqewkag","Milas","cmmi8ir40011rw8inrql4y0ou","2026-03-08T20:58:44.577Z","2026-03-08T20:58:44.577Z"
"cmmi8ir50012bw8inji2exf9m","Ortaca","cmmi8ir40011rw8inrql4y0ou","2026-03-08T20:58:44.580Z","2026-03-08T20:58:44.580Z"
"cmmi8ir54012dw8invj6x1t5y","Seydikemer","cmmi8ir40011rw8inrql4y0ou","2026-03-08T20:58:44.584Z","2026-03-08T20:58:44.584Z"
"cmmi8ir58012fw8inv2e2s2fl","Ula","cmmi8ir40011rw8inrql4y0ou","2026-03-08T20:58:44.588Z","2026-03-08T20:58:44.588Z"
"cmmi8ir5b012hw8inkmxjv1a7","Yatağan","cmmi8ir40011rw8inrql4y0ou","2026-03-08T20:58:44.592Z","2026-03-08T20:58:44.592Z"
"cmmi8ir5j012kw8ind5of0cgg","Bulanık","cmmi8ir5f012iw8in7n5x2mey","2026-03-08T20:58:44.599Z","2026-03-08T20:58:44.599Z"
"cmmi8ir5m012mw8ineim9zbb6","Hasköy","cmmi8ir5f012iw8in7n5x2mey","2026-03-08T20:58:44.603Z","2026-03-08T20:58:44.603Z"
"cmmi8ir5q012ow8ingglcgmdl","Korkut","cmmi8ir5f012iw8in7n5x2mey","2026-03-08T20:58:44.607Z","2026-03-08T20:58:44.607Z"
"cmmi8ir5t012qw8inr6hp0j35","Malazgirt","cmmi8ir5f012iw8in7n5x2mey","2026-03-08T20:58:44.610Z","2026-03-08T20:58:44.610Z"
"cmmi8ir5x012sw8inriaxgb9w","Merkez","cmmi8ir5f012iw8in7n5x2mey","2026-03-08T20:58:44.613Z","2026-03-08T20:58:44.613Z"
"cmmi8ir60012uw8in68k8mcrt","Varto","cmmi8ir5f012iw8in7n5x2mey","2026-03-08T20:58:44.617Z","2026-03-08T20:58:44.617Z"
"cmmi8ir68012xw8in635d4qqr","Acıgöl","cmmi8ir64012vw8inbotg7n50","2026-03-08T20:58:44.624Z","2026-03-08T20:58:44.624Z"
"cmmi8ir6c012zw8ind0ke1tmz","Avanos","cmmi8ir64012vw8inbotg7n50","2026-03-08T20:58:44.628Z","2026-03-08T20:58:44.628Z"
"cmmi8ir6f0131w8inhdwwiru7","Derinkuyu","cmmi8ir64012vw8inbotg7n50","2026-03-08T20:58:44.631Z","2026-03-08T20:58:44.631Z"
"cmmi8ir6i0133w8inerw4fwom","Gülşehir","cmmi8ir64012vw8inbotg7n50","2026-03-08T20:58:44.635Z","2026-03-08T20:58:44.635Z"
"cmmi8ir6m0135w8in64su4kvz","Hacıbektaş","cmmi8ir64012vw8inbotg7n50","2026-03-08T20:58:44.638Z","2026-03-08T20:58:44.638Z"
"cmmi8ir6p0137w8inhnisdnhk","Kozaklı","cmmi8ir64012vw8inbotg7n50","2026-03-08T20:58:44.642Z","2026-03-08T20:58:44.642Z"
"cmmi8ir6t0139w8in0vx465qc","Merkez","cmmi8ir64012vw8inbotg7n50","2026-03-08T20:58:44.645Z","2026-03-08T20:58:44.645Z"
"cmmi8ir6w013bw8inujm64m0y","Ürgüp","cmmi8ir64012vw8inbotg7n50","2026-03-08T20:58:44.649Z","2026-03-08T20:58:44.649Z"
"cmmi8ir74013ew8iny8wnnqkp","Altunhisar","cmmi8ir71013cw8in47h4e7ms","2026-03-08T20:58:44.657Z","2026-03-08T20:58:44.657Z"
"cmmi8ir78013gw8inzchvkgay","Bor","cmmi8ir71013cw8in47h4e7ms","2026-03-08T20:58:44.661Z","2026-03-08T20:58:44.661Z"
"cmmi8ir7h013iw8in4fcamp5r","Çamardı","cmmi8ir71013cw8in47h4e7ms","2026-03-08T20:58:44.669Z","2026-03-08T20:58:44.669Z"
"cmmi8ir7k013kw8inldyzaxs1","Çiftlik","cmmi8ir71013cw8in47h4e7ms","2026-03-08T20:58:44.673Z","2026-03-08T20:58:44.673Z"
"cmmi8ir7p013mw8inmp3ip857","Merkez","cmmi8ir71013cw8in47h4e7ms","2026-03-08T20:58:44.677Z","2026-03-08T20:58:44.677Z"
"cmmi8ir7s013ow8inuwad3wka","Ulukışla","cmmi8ir71013cw8in47h4e7ms","2026-03-08T20:58:44.681Z","2026-03-08T20:58:44.681Z"
"cmmi8ir80013rw8inxo4wp49i","Akkuş","cmmi8ir7w013pw8in0zx5nub3","2026-03-08T20:58:44.688Z","2026-03-08T20:58:44.688Z"
"cmmi8ir83013tw8infitbpkxl","Altınordu","cmmi8ir7w013pw8in0zx5nub3","2026-03-08T20:58:44.692Z","2026-03-08T20:58:44.692Z"
"cmmi8ir88013vw8inuqzddqx7","Aybastı","cmmi8ir7w013pw8in0zx5nub3","2026-03-08T20:58:44.697Z","2026-03-08T20:58:44.697Z"
"cmmi8ir8e013xw8inxk12487l","Çamaş","cmmi8ir7w013pw8in0zx5nub3","2026-03-08T20:58:44.703Z","2026-03-08T20:58:44.703Z"
"cmmi8ir8j013zw8in5s1evhzh","Çatalpınar","cmmi8ir7w013pw8in0zx5nub3","2026-03-08T20:58:44.708Z","2026-03-08T20:58:44.708Z"
"cmmi8ir8o0141w8in5u5m3pe6","Çaybaşı","cmmi8ir7w013pw8in0zx5nub3","2026-03-08T20:58:44.712Z","2026-03-08T20:58:44.712Z"
"cmmi8ir8t0143w8inr9m4ccgc","Fatsa","cmmi8ir7w013pw8in0zx5nub3","2026-03-08T20:58:44.717Z","2026-03-08T20:58:44.717Z"
"cmmi8ir8x0145w8inscfst4po","Gölköy","cmmi8ir7w013pw8in0zx5nub3","2026-03-08T20:58:44.722Z","2026-03-08T20:58:44.722Z"
"cmmi8ir910147w8inze342mf4","Gülyalı","cmmi8ir7w013pw8in0zx5nub3","2026-03-08T20:58:44.725Z","2026-03-08T20:58:44.725Z"
"cmmi8ir950149w8inxku2rocf","Gürgentepe","cmmi8ir7w013pw8in0zx5nub3","2026-03-08T20:58:44.729Z","2026-03-08T20:58:44.729Z"
"cmmi8ir98014bw8inftu3nx3o","İkizce","cmmi8ir7w013pw8in0zx5nub3","2026-03-08T20:58:44.733Z","2026-03-08T20:58:44.733Z"
"cmmi8ir9c014dw8inbpjpms30","Kabadüz","cmmi8ir7w013pw8in0zx5nub3","2026-03-08T20:58:44.737Z","2026-03-08T20:58:44.737Z"
"cmmi8ir9g014fw8ino31el65q","Kabataş","cmmi8ir7w013pw8in0zx5nub3","2026-03-08T20:58:44.741Z","2026-03-08T20:58:44.741Z"
"cmmi8ir9k014hw8inn8sjixvs","Korgan","cmmi8ir7w013pw8in0zx5nub3","2026-03-08T20:58:44.745Z","2026-03-08T20:58:44.745Z"
"cmmi8ir9o014jw8in4jfv3lb1","Kumru","cmmi8ir7w013pw8in0zx5nub3","2026-03-08T20:58:44.748Z","2026-03-08T20:58:44.748Z"
"cmmi8ir9r014lw8inqxx7b45q","Mesudiye","cmmi8ir7w013pw8in0zx5nub3","2026-03-08T20:58:44.752Z","2026-03-08T20:58:44.752Z"
"cmmi8ir9v014nw8in5jjs1vv6","Perşembe","cmmi8ir7w013pw8in0zx5nub3","2026-03-08T20:58:44.756Z","2026-03-08T20:58:44.756Z"
"cmmi8ira0014pw8injepujebk","Ulubey","cmmi8ir7w013pw8in0zx5nub3","2026-03-08T20:58:44.760Z","2026-03-08T20:58:44.760Z"
"cmmi8ira4014rw8ing1grl61m","Ünye","cmmi8ir7w013pw8in0zx5nub3","2026-03-08T20:58:44.764Z","2026-03-08T20:58:44.764Z"
"cmmi8irad014uw8in8tfgni47","Ardeşen","cmmi8ira7014sw8in7r7theth","2026-03-08T20:58:44.774Z","2026-03-08T20:58:44.774Z"
"cmmi8irah014ww8inv5tkf8zg","Çamlıhemşin","cmmi8ira7014sw8in7r7theth","2026-03-08T20:58:44.777Z","2026-03-08T20:58:44.777Z"
"cmmi8iram014yw8injz591cx9","Çayeli","cmmi8ira7014sw8in7r7theth","2026-03-08T20:58:44.782Z","2026-03-08T20:58:44.782Z"
"cmmi8iraq0150w8in64wsa221","Derepazarı","cmmi8ira7014sw8in7r7theth","2026-03-08T20:58:44.786Z","2026-03-08T20:58:44.786Z"
"cmmi8irau0152w8inr6kbc4b3","Fındıklı","cmmi8ira7014sw8in7r7theth","2026-03-08T20:58:44.790Z","2026-03-08T20:58:44.790Z"
"cmmi8irax0154w8in3bxh6xlb","Güneysu","cmmi8ira7014sw8in7r7theth","2026-03-08T20:58:44.794Z","2026-03-08T20:58:44.794Z"
"cmmi8irb10156w8inlsa5x27g","Hemşin","cmmi8ira7014sw8in7r7theth","2026-03-08T20:58:44.797Z","2026-03-08T20:58:44.797Z"
"cmmi8irb40158w8in20j0ht8i","İkizdere","cmmi8ira7014sw8in7r7theth","2026-03-08T20:58:44.801Z","2026-03-08T20:58:44.801Z"
"cmmi8irb8015aw8inc08u3ytz","İyidere","cmmi8ira7014sw8in7r7theth","2026-03-08T20:58:44.805Z","2026-03-08T20:58:44.805Z"
"cmmi8irbc015cw8inmi8za3jc","Kalkandere","cmmi8ira7014sw8in7r7theth","2026-03-08T20:58:44.808Z","2026-03-08T20:58:44.808Z"
"cmmi8irbf015ew8in7esdtj97","Merkez","cmmi8ira7014sw8in7r7theth","2026-03-08T20:58:44.812Z","2026-03-08T20:58:44.812Z"
"cmmi8irbj015gw8inejiycbxz","Pazar","cmmi8ira7014sw8in7r7theth","2026-03-08T20:58:44.815Z","2026-03-08T20:58:44.815Z"
"cmmi8irbp015jw8inoovo7j9o","Adapazarı","cmmi8irbm015hw8inkz9s73ee","2026-03-08T20:58:44.821Z","2026-03-08T20:58:44.821Z"
"cmmi8irbt015lw8in5inpqytl","Akyazı","cmmi8irbm015hw8inkz9s73ee","2026-03-08T20:58:44.825Z","2026-03-08T20:58:44.825Z"
"cmmi8irbw015nw8inscx8ms8v","Arifiye","cmmi8irbm015hw8inkz9s73ee","2026-03-08T20:58:44.829Z","2026-03-08T20:58:44.829Z"
"cmmi8irc0015pw8injo3ot189","Erenler","cmmi8irbm015hw8inkz9s73ee","2026-03-08T20:58:44.833Z","2026-03-08T20:58:44.833Z"
"cmmi8irc5015rw8inft5uaz5k","Ferizli","cmmi8irbm015hw8inkz9s73ee","2026-03-08T20:58:44.837Z","2026-03-08T20:58:44.837Z"
"cmmi8irca015tw8in6xwr2g4q","Geyve","cmmi8irbm015hw8inkz9s73ee","2026-03-08T20:58:44.842Z","2026-03-08T20:58:44.842Z"
"cmmi8irce015vw8in3hysmf0h","Hendek","cmmi8irbm015hw8inkz9s73ee","2026-03-08T20:58:44.846Z","2026-03-08T20:58:44.846Z"
"cmmi8irci015xw8inl0vahefc","Karapürçek","cmmi8irbm015hw8inkz9s73ee","2026-03-08T20:58:44.850Z","2026-03-08T20:58:44.850Z"
"cmmi8ircl015zw8in88t5z5oh","Karasu","cmmi8irbm015hw8inkz9s73ee","2026-03-08T20:58:44.854Z","2026-03-08T20:58:44.854Z"
"cmmi8ircp0161w8iny1eruhu4","Kaynarca","cmmi8irbm015hw8inkz9s73ee","2026-03-08T20:58:44.858Z","2026-03-08T20:58:44.858Z"
"cmmi8irct0163w8in32qa81kt","Kocaali","cmmi8irbm015hw8inkz9s73ee","2026-03-08T20:58:44.861Z","2026-03-08T20:58:44.861Z"
"cmmi8ircw0165w8intlewrepm","Pamukova","cmmi8irbm015hw8inkz9s73ee","2026-03-08T20:58:44.865Z","2026-03-08T20:58:44.865Z"
"cmmi8ird10167w8ind135tgzi","Sapanca","cmmi8irbm015hw8inkz9s73ee","2026-03-08T20:58:44.870Z","2026-03-08T20:58:44.870Z"
"cmmi8ird50169w8ina1yw6kx5","Serdivan","cmmi8irbm015hw8inkz9s73ee","2026-03-08T20:58:44.873Z","2026-03-08T20:58:44.873Z"
"cmmi8ird9016bw8inkdk30swi","Söğütlü","cmmi8irbm015hw8inkz9s73ee","2026-03-08T20:58:44.877Z","2026-03-08T20:58:44.877Z"
"cmmi8irdc016dw8in7lx2nwbm","Taraklı","cmmi8irbm015hw8inkz9s73ee","2026-03-08T20:58:44.880Z","2026-03-08T20:58:44.880Z"
"cmmi8irdj016gw8iny32lxb3j","19 Mayıs","cmmi8irdf016ew8inzsvz17vj","2026-03-08T20:58:44.887Z","2026-03-08T20:58:44.887Z"
"cmmi8irdn016iw8in4oppkg6i","Alaçam","cmmi8irdf016ew8inzsvz17vj","2026-03-08T20:58:44.891Z","2026-03-08T20:58:44.891Z"
"cmmi8irdq016kw8invzd2kg4j","Asarcık","cmmi8irdf016ew8inzsvz17vj","2026-03-08T20:58:44.895Z","2026-03-08T20:58:44.895Z"
"cmmi8irdu016mw8incdm99cko","Atakum","cmmi8irdf016ew8inzsvz17vj","2026-03-08T20:58:44.898Z","2026-03-08T20:58:44.898Z"
"cmmi8irdx016ow8inpjaivj5z","Ayvacık","cmmi8irdf016ew8inzsvz17vj","2026-03-08T20:58:44.902Z","2026-03-08T20:58:44.902Z"
"cmmi8ire3016qw8in87j1ymtn","Bafra","cmmi8irdf016ew8inzsvz17vj","2026-03-08T20:58:44.907Z","2026-03-08T20:58:44.907Z"
"cmmi8ire8016sw8in41mpq2v4","Canik","cmmi8irdf016ew8inzsvz17vj","2026-03-08T20:58:44.912Z","2026-03-08T20:58:44.912Z"
"cmmi8ired016uw8inx2uqxnl6","Çarşamba","cmmi8irdf016ew8inzsvz17vj","2026-03-08T20:58:44.918Z","2026-03-08T20:58:44.918Z"
"cmmi8irei016ww8in08xvytjh","Havza","cmmi8irdf016ew8inzsvz17vj","2026-03-08T20:58:44.922Z","2026-03-08T20:58:44.922Z"
"cmmi8irel016yw8inctgbxp24","İlkadım","cmmi8irdf016ew8inzsvz17vj","2026-03-08T20:58:44.926Z","2026-03-08T20:58:44.926Z"
"cmmi8irep0170w8insbmfyr3d","Kavak","cmmi8irdf016ew8inzsvz17vj","2026-03-08T20:58:44.929Z","2026-03-08T20:58:44.929Z"
"cmmi8ires0172w8infx77bv2j","Ladik","cmmi8irdf016ew8inzsvz17vj","2026-03-08T20:58:44.932Z","2026-03-08T20:58:44.932Z"
"cmmi8irew0174w8inxt6ushrh","Salıpazarı","cmmi8irdf016ew8inzsvz17vj","2026-03-08T20:58:44.937Z","2026-03-08T20:58:44.937Z"
"cmmi8irf00176w8inuc5cbfm2","Tekkeköy","cmmi8irdf016ew8inzsvz17vj","2026-03-08T20:58:44.940Z","2026-03-08T20:58:44.940Z"
"cmmi8irf30178w8inuebqcmcq","Terme","cmmi8irdf016ew8inzsvz17vj","2026-03-08T20:58:44.944Z","2026-03-08T20:58:44.944Z"
"cmmi8irf6017aw8in6coni95g","Vezirköprü","cmmi8irdf016ew8inzsvz17vj","2026-03-08T20:58:44.947Z","2026-03-08T20:58:44.947Z"
"cmmi8irfa017cw8inx6ogbipw","Yakakent","cmmi8irdf016ew8inzsvz17vj","2026-03-08T20:58:44.950Z","2026-03-08T20:58:44.950Z"
"cmmi8irfh017fw8inx4l4q75n","Baykan","cmmi8irfe017dw8incowokh1j","2026-03-08T20:58:44.957Z","2026-03-08T20:58:44.957Z"
"cmmi8irfl017hw8in0af5a94e","Eruh","cmmi8irfe017dw8incowokh1j","2026-03-08T20:58:44.961Z","2026-03-08T20:58:44.961Z"
"cmmi8irfo017jw8in7fz79lkh","Kurtalan","cmmi8irfe017dw8incowokh1j","2026-03-08T20:58:44.965Z","2026-03-08T20:58:44.965Z"
"cmmi8irfs017lw8invp7lp744","Merkez","cmmi8irfe017dw8incowokh1j","2026-03-08T20:58:44.968Z","2026-03-08T20:58:44.968Z"
"cmmi8irfv017nw8inztna8m7v","Pervari","cmmi8irfe017dw8incowokh1j","2026-03-08T20:58:44.972Z","2026-03-08T20:58:44.972Z"
"cmmi8irg0017pw8inwam2px20","Şirvan","cmmi8irfe017dw8incowokh1j","2026-03-08T20:58:44.976Z","2026-03-08T20:58:44.976Z"
"cmmi8irg4017rw8in2ji1umlt","Tillo","cmmi8irfe017dw8incowokh1j","2026-03-08T20:58:44.980Z","2026-03-08T20:58:44.980Z"
"cmmi8irga017uw8insmk3yrz2","Ayancık","cmmi8irg7017sw8invbjy4xin","2026-03-08T20:58:44.986Z","2026-03-08T20:58:44.986Z"
"cmmi8irge017ww8in3pj6x5b7","Boyabat","cmmi8irg7017sw8invbjy4xin","2026-03-08T20:58:44.990Z","2026-03-08T20:58:44.990Z"
"cmmi8irgi017yw8inhowt1ben","Dikmen","cmmi8irg7017sw8invbjy4xin","2026-03-08T20:58:44.994Z","2026-03-08T20:58:44.994Z"
"cmmi8irgl0180w8inchwvtk9p","Durağan","cmmi8irg7017sw8invbjy4xin","2026-03-08T20:58:44.998Z","2026-03-08T20:58:44.998Z"
"cmmi8irgp0182w8indctww2ul","Erfelek","cmmi8irg7017sw8invbjy4xin","2026-03-08T20:58:45.002Z","2026-03-08T20:58:45.002Z"
"cmmi8irgs0184w8ingqwvuq4l","Gerze","cmmi8irg7017sw8invbjy4xin","2026-03-08T20:58:45.005Z","2026-03-08T20:58:45.005Z"
"cmmi8irgw0186w8in0vqm9zg6","Merkez","cmmi8irg7017sw8invbjy4xin","2026-03-08T20:58:45.008Z","2026-03-08T20:58:45.008Z"
"cmmi8irgz0188w8inm6xo9kf9","Saraydüzü","cmmi8irg7017sw8invbjy4xin","2026-03-08T20:58:45.012Z","2026-03-08T20:58:45.012Z"
"cmmi8irh3018aw8inx25bzu0h","Türkeli","cmmi8irg7017sw8invbjy4xin","2026-03-08T20:58:45.016Z","2026-03-08T20:58:45.016Z"
"cmmi8irha018dw8in2am52uqv","Akıncılar","cmmi8irh7018bw8iny1x4uixz","2026-03-08T20:58:45.023Z","2026-03-08T20:58:45.023Z"
"cmmi8irhe018fw8in3i9pg6l2","Altınyayla","cmmi8irh7018bw8iny1x4uixz","2026-03-08T20:58:45.026Z","2026-03-08T20:58:45.026Z"
"cmmi8irhh018hw8inm1jg4l3n","Divriği","cmmi8irh7018bw8iny1x4uixz","2026-03-08T20:58:45.030Z","2026-03-08T20:58:45.030Z"
"cmmi8irhl018jw8inrf3eupsj","Doğanşar","cmmi8irh7018bw8iny1x4uixz","2026-03-08T20:58:45.033Z","2026-03-08T20:58:45.033Z"
"cmmi8irhp018lw8ind22kl8w8","Gemerek","cmmi8irh7018bw8iny1x4uixz","2026-03-08T20:58:45.037Z","2026-03-08T20:58:45.037Z"
"cmmi8irht018nw8inccbs257r","Gölova","cmmi8irh7018bw8iny1x4uixz","2026-03-08T20:58:45.041Z","2026-03-08T20:58:45.041Z"
"cmmi8irhw018pw8in6g5ybq2n","Gürün","cmmi8irh7018bw8iny1x4uixz","2026-03-08T20:58:45.044Z","2026-03-08T20:58:45.044Z"
"cmmi8iri0018rw8inxuocs9tq","Hafik","cmmi8irh7018bw8iny1x4uixz","2026-03-08T20:58:45.048Z","2026-03-08T20:58:45.048Z"
"cmmi8iri3018tw8inaaresi60","İmranlı","cmmi8irh7018bw8iny1x4uixz","2026-03-08T20:58:45.052Z","2026-03-08T20:58:45.052Z"
"cmmi8iri7018vw8in8wj10sfz","Kangal","cmmi8irh7018bw8iny1x4uixz","2026-03-08T20:58:45.055Z","2026-03-08T20:58:45.055Z"
"cmmi8iria018xw8inhrlbv1g9","Koyulhisar","cmmi8irh7018bw8iny1x4uixz","2026-03-08T20:58:45.059Z","2026-03-08T20:58:45.059Z"
"cmmi8irie018zw8ingb7bu13t","Merkez","cmmi8irh7018bw8iny1x4uixz","2026-03-08T20:58:45.062Z","2026-03-08T20:58:45.062Z"
"cmmi8irii0191w8injlq4xka4","Suşehri","cmmi8irh7018bw8iny1x4uixz","2026-03-08T20:58:45.066Z","2026-03-08T20:58:45.066Z"
"cmmi8iril0193w8inbyboji8k","Şarkışla","cmmi8irh7018bw8iny1x4uixz","2026-03-08T20:58:45.070Z","2026-03-08T20:58:45.070Z"
"cmmi8irip0195w8in0ic4x9s2","Ulaş","cmmi8irh7018bw8iny1x4uixz","2026-03-08T20:58:45.073Z","2026-03-08T20:58:45.073Z"
"cmmi8iris0197w8inoen9kar9","Yıldızeli","cmmi8irh7018bw8iny1x4uixz","2026-03-08T20:58:45.077Z","2026-03-08T20:58:45.077Z"
"cmmi8iriw0199w8innvftaw77","Zara","cmmi8irh7018bw8iny1x4uixz","2026-03-08T20:58:45.081Z","2026-03-08T20:58:45.081Z"
"cmmi8irj3019cw8in8eqeiprk","Çerkezköy","cmmi8irj0019aw8inq1kcimqt","2026-03-08T20:58:45.088Z","2026-03-08T20:58:45.088Z"
"cmmi8irj7019ew8indnwhw5kz","Çorlu","cmmi8irj0019aw8inq1kcimqt","2026-03-08T20:58:45.091Z","2026-03-08T20:58:45.091Z"
"cmmi8irjb019gw8inbqw5ltjd","Ergene","cmmi8irj0019aw8inq1kcimqt","2026-03-08T20:58:45.095Z","2026-03-08T20:58:45.095Z"
"cmmi8irje019iw8ininrzpwui","Hayrabolu","cmmi8irj0019aw8inq1kcimqt","2026-03-08T20:58:45.099Z","2026-03-08T20:58:45.099Z"
"cmmi8irji019kw8in75fjyqfl","Kapaklı","cmmi8irj0019aw8inq1kcimqt","2026-03-08T20:58:45.102Z","2026-03-08T20:58:45.102Z"
"cmmi8irjl019mw8in0i9qfa55","Malkara","cmmi8irj0019aw8inq1kcimqt","2026-03-08T20:58:45.106Z","2026-03-08T20:58:45.106Z"
"cmmi8irjp019ow8in9sp2xchk","Marmaraereğlisi","cmmi8irj0019aw8inq1kcimqt","2026-03-08T20:58:45.109Z","2026-03-08T20:58:45.109Z"
"cmmi8irjs019qw8inzi3i7hfm","Muratlı","cmmi8irj0019aw8inq1kcimqt","2026-03-08T20:58:45.113Z","2026-03-08T20:58:45.113Z"
"cmmi8irjw019sw8inp0u9szqu","Saray","cmmi8irj0019aw8inq1kcimqt","2026-03-08T20:58:45.117Z","2026-03-08T20:58:45.117Z"
"cmmi8irk0019uw8inklavt0sy","Süleymanpaşa","cmmi8irj0019aw8inq1kcimqt","2026-03-08T20:58:45.121Z","2026-03-08T20:58:45.121Z"
"cmmi8irk4019ww8inrfybzcnn","Şarköy","cmmi8irj0019aw8inq1kcimqt","2026-03-08T20:58:45.125Z","2026-03-08T20:58:45.125Z"
"cmmi8irkb019zw8ina6tvctal","Almus","cmmi8irk8019xw8inn25ap8bt","2026-03-08T20:58:45.131Z","2026-03-08T20:58:45.131Z"
"cmmi8irkf01a1w8inmm4w65gh","Artova","cmmi8irk8019xw8inn25ap8bt","2026-03-08T20:58:45.135Z","2026-03-08T20:58:45.135Z"
"cmmi8irki01a3w8inaf2c82ho","Başçiftlik","cmmi8irk8019xw8inn25ap8bt","2026-03-08T20:58:45.138Z","2026-03-08T20:58:45.138Z"
"cmmi8irkl01a5w8inmsr7w01o","Erbaa","cmmi8irk8019xw8inn25ap8bt","2026-03-08T20:58:45.142Z","2026-03-08T20:58:45.142Z"
"cmmi8irkp01a7w8inn4tfxk0w","Merkez","cmmi8irk8019xw8inn25ap8bt","2026-03-08T20:58:45.145Z","2026-03-08T20:58:45.145Z"
"cmmi8irks01a9w8in4wv7psjo","Niksar","cmmi8irk8019xw8inn25ap8bt","2026-03-08T20:58:45.149Z","2026-03-08T20:58:45.149Z"
"cmmi8irkv01abw8inl5udq8qt","Pazar","cmmi8irk8019xw8inn25ap8bt","2026-03-08T20:58:45.152Z","2026-03-08T20:58:45.152Z"
"cmmi8irky01adw8inr8j7ljhx","Reşadiye","cmmi8irk8019xw8inn25ap8bt","2026-03-08T20:58:45.155Z","2026-03-08T20:58:45.155Z"
"cmmi8irl201afw8in0y6sl2pc","Sulusaray","cmmi8irk8019xw8inn25ap8bt","2026-03-08T20:58:45.159Z","2026-03-08T20:58:45.159Z"
"cmmi8irl501ahw8inx1ch7kwq","Turhal","cmmi8irk8019xw8inn25ap8bt","2026-03-08T20:58:45.162Z","2026-03-08T20:58:45.162Z"
"cmmi8irl901ajw8in664i14h7","Yeşilyurt","cmmi8irk8019xw8inn25ap8bt","2026-03-08T20:58:45.165Z","2026-03-08T20:58:45.165Z"
"cmmi8irlc01alw8inilwjmqjt","Zile","cmmi8irk8019xw8inn25ap8bt","2026-03-08T20:58:45.169Z","2026-03-08T20:58:45.169Z"
"cmmi8irlj01aow8ini935e1xf","Akçaabat","cmmi8irlf01amw8in7bqmsyni","2026-03-08T20:58:45.176Z","2026-03-08T20:58:45.176Z"
"cmmi8irlm01aqw8inhgfd9nnj","Araklı","cmmi8irlf01amw8in7bqmsyni","2026-03-08T20:58:45.179Z","2026-03-08T20:58:45.179Z"
"cmmi8irlq01asw8inkrcc0yma","Arsin","cmmi8irlf01amw8in7bqmsyni","2026-03-08T20:58:45.183Z","2026-03-08T20:58:45.183Z"
"cmmi8irlu01auw8in0v1h2ssq","Beşikdüzü","cmmi8irlf01amw8in7bqmsyni","2026-03-08T20:58:45.186Z","2026-03-08T20:58:45.186Z"
"cmmi8irlx01aww8ino8bb13k6","Çarşıbaşı","cmmi8irlf01amw8in7bqmsyni","2026-03-08T20:58:45.189Z","2026-03-08T20:58:45.189Z"
"cmmi8irm001ayw8inpq8xurtb","Çaykara","cmmi8irlf01amw8in7bqmsyni","2026-03-08T20:58:45.192Z","2026-03-08T20:58:45.192Z"
"cmmi8irm401b0w8injmtiorce","Dernekpazarı","cmmi8irlf01amw8in7bqmsyni","2026-03-08T20:58:45.196Z","2026-03-08T20:58:45.196Z"
"cmmi8irm801b2w8ing2ekolm3","Düzköy","cmmi8irlf01amw8in7bqmsyni","2026-03-08T20:58:45.200Z","2026-03-08T20:58:45.200Z"
"cmmi8irmc01b4w8inhnc80rnr","Hayrat","cmmi8irlf01amw8in7bqmsyni","2026-03-08T20:58:45.204Z","2026-03-08T20:58:45.204Z"
"cmmi8irmf01b6w8incrg5qmyi","Köprübaşı","cmmi8irlf01amw8in7bqmsyni","2026-03-08T20:58:45.208Z","2026-03-08T20:58:45.208Z"
"cmmi8irmj01b8w8inunct33lu","Maçka","cmmi8irlf01amw8in7bqmsyni","2026-03-08T20:58:45.211Z","2026-03-08T20:58:45.211Z"
"cmmi8irmm01baw8ini0indr57","Of","cmmi8irlf01amw8in7bqmsyni","2026-03-08T20:58:45.215Z","2026-03-08T20:58:45.215Z"
"cmmi8irmq01bcw8inw4jpzb34","Ortahisar","cmmi8irlf01amw8in7bqmsyni","2026-03-08T20:58:45.218Z","2026-03-08T20:58:45.218Z"
"cmmi8irmt01bew8in84ssd9vq","Sürmene","cmmi8irlf01amw8in7bqmsyni","2026-03-08T20:58:45.222Z","2026-03-08T20:58:45.222Z"
"cmmi8irmx01bgw8inef1f6a1b","Şalpazarı","cmmi8irlf01amw8in7bqmsyni","2026-03-08T20:58:45.225Z","2026-03-08T20:58:45.225Z"
"cmmi8irn101biw8ingjhhx1wi","Tonya","cmmi8irlf01amw8in7bqmsyni","2026-03-08T20:58:45.229Z","2026-03-08T20:58:45.229Z"
"cmmi8irn401bkw8inizwrnk6x","Vakfıkebir","cmmi8irlf01amw8in7bqmsyni","2026-03-08T20:58:45.232Z","2026-03-08T20:58:45.232Z"
"cmmi8irn801bmw8in3e26yiou","Yomra","cmmi8irlf01amw8in7bqmsyni","2026-03-08T20:58:45.236Z","2026-03-08T20:58:45.236Z"
"cmmi8irne01bpw8in2w1gmlue","Çemişgezek","cmmi8irnb01bnw8insu7oazvn","2026-03-08T20:58:45.243Z","2026-03-08T20:58:45.243Z"
"cmmi8irni01brw8in9jwtmr0g","Hozat","cmmi8irnb01bnw8insu7oazvn","2026-03-08T20:58:45.246Z","2026-03-08T20:58:45.246Z"
"cmmi8irnl01btw8inx2tkkjfb","Mazgirt","cmmi8irnb01bnw8insu7oazvn","2026-03-08T20:58:45.250Z","2026-03-08T20:58:45.250Z"
"cmmi8irnp01bvw8inbxnvtn3l","Merkez","cmmi8irnb01bnw8insu7oazvn","2026-03-08T20:58:45.254Z","2026-03-08T20:58:45.254Z"
"cmmi8irns01bxw8inkh3cjeur","Nazımiye","cmmi8irnb01bnw8insu7oazvn","2026-03-08T20:58:45.257Z","2026-03-08T20:58:45.257Z"
"cmmi8irnw01bzw8innfavrnlz","Ovacık","cmmi8irnb01bnw8insu7oazvn","2026-03-08T20:58:45.260Z","2026-03-08T20:58:45.260Z"
"cmmi8irnz01c1w8inrnr47hl6","Pertek","cmmi8irnb01bnw8insu7oazvn","2026-03-08T20:58:45.264Z","2026-03-08T20:58:45.264Z"
"cmmi8iro301c3w8ing39pwymo","Pülümür","cmmi8irnb01bnw8insu7oazvn","2026-03-08T20:58:45.267Z","2026-03-08T20:58:45.267Z"
"cmmi8iro901c6w8inqzykk2bo","Akçakale","cmmi8iro601c4w8ingh475zvm","2026-03-08T20:58:45.274Z","2026-03-08T20:58:45.274Z"
"cmmi8irod01c8w8inrsvpvvoi","Birecik","cmmi8iro601c4w8ingh475zvm","2026-03-08T20:58:45.278Z","2026-03-08T20:58:45.278Z"
"cmmi8irog01caw8intbcqqxuj","Bozova","cmmi8iro601c4w8ingh475zvm","2026-03-08T20:58:45.281Z","2026-03-08T20:58:45.281Z"
"cmmi8irol01ccw8in6yk00urn","Ceylanpınar","cmmi8iro601c4w8ingh475zvm","2026-03-08T20:58:45.285Z","2026-03-08T20:58:45.285Z"
"cmmi8iroo01cew8inrz7es67x","Eyyübiye","cmmi8iro601c4w8ingh475zvm","2026-03-08T20:58:45.288Z","2026-03-08T20:58:45.288Z"
"cmmi8iror01cgw8in4rgqzztx","Halfeti","cmmi8iro601c4w8ingh475zvm","2026-03-08T20:58:45.292Z","2026-03-08T20:58:45.292Z"
"cmmi8irov01ciw8inl925phog","Haliliye","cmmi8iro601c4w8ingh475zvm","2026-03-08T20:58:45.296Z","2026-03-08T20:58:45.296Z"
"cmmi8irp001ckw8inh23y25sc","Harran","cmmi8iro601c4w8ingh475zvm","2026-03-08T20:58:45.300Z","2026-03-08T20:58:45.300Z"
"cmmi8irp401cmw8in9zmxi4jv","Hilvan","cmmi8iro601c4w8ingh475zvm","2026-03-08T20:58:45.305Z","2026-03-08T20:58:45.305Z"
"cmmi8irp801cow8infkeb0dxe","Karaköprü","cmmi8iro601c4w8ingh475zvm","2026-03-08T20:58:45.309Z","2026-03-08T20:58:45.309Z"
"cmmi8irpc01cqw8inla75s2nr","Siverek","cmmi8iro601c4w8ingh475zvm","2026-03-08T20:58:45.312Z","2026-03-08T20:58:45.312Z"
"cmmi8irpg01csw8in9ebkb6rg","Suruç","cmmi8iro601c4w8ingh475zvm","2026-03-08T20:58:45.316Z","2026-03-08T20:58:45.316Z"
"cmmi8irpj01cuw8indcqd6oj1","Viranşehir","cmmi8iro601c4w8ingh475zvm","2026-03-08T20:58:45.319Z","2026-03-08T20:58:45.319Z"
"cmmi8irpp01cxw8ino9903h9c","Banaz","cmmi8irpm01cvw8inpvx4lpe7","2026-03-08T20:58:45.326Z","2026-03-08T20:58:45.326Z"
"cmmi8irpt01czw8in4hqg3upb","Eşme","cmmi8irpm01cvw8inpvx4lpe7","2026-03-08T20:58:45.330Z","2026-03-08T20:58:45.330Z"
"cmmi8irpx01d1w8inagj6kjtk","Karahallı","cmmi8irpm01cvw8inpvx4lpe7","2026-03-08T20:58:45.333Z","2026-03-08T20:58:45.333Z"
"cmmi8irq201d3w8in8wcvphq1","Merkez","cmmi8irpm01cvw8inpvx4lpe7","2026-03-08T20:58:45.338Z","2026-03-08T20:58:45.338Z"
"cmmi8irq601d5w8inqzpd9fhf","Sivaslı","cmmi8irpm01cvw8inpvx4lpe7","2026-03-08T20:58:45.343Z","2026-03-08T20:58:45.343Z"
"cmmi8irqa01d7w8inr61t73kc","Ulubey","cmmi8irpm01cvw8inpvx4lpe7","2026-03-08T20:58:45.346Z","2026-03-08T20:58:45.346Z"
"cmmi8irqi01daw8in46hm9kky","Bahçesaray","cmmi8irqe01d8w8inbyex1hzv","2026-03-08T20:58:45.355Z","2026-03-08T20:58:45.355Z"
"cmmi8irqm01dcw8inkfkrhpx3","Başkale","cmmi8irqe01d8w8inbyex1hzv","2026-03-08T20:58:45.358Z","2026-03-08T20:58:45.358Z"
"cmmi8irqq01dew8inudnudo4f","Çaldıran","cmmi8irqe01d8w8inbyex1hzv","2026-03-08T20:58:45.362Z","2026-03-08T20:58:45.362Z"
"cmmi8irqu01dgw8inyz4isuyg","Çatak","cmmi8irqe01d8w8inbyex1hzv","2026-03-08T20:58:45.366Z","2026-03-08T20:58:45.366Z"
"cmmi8irqy01diw8in18ewoi0h","Edremit","cmmi8irqe01d8w8inbyex1hzv","2026-03-08T20:58:45.370Z","2026-03-08T20:58:45.370Z"
"cmmi8irr201dkw8inxu9lc5q0","Erciş","cmmi8irqe01d8w8inbyex1hzv","2026-03-08T20:58:45.374Z","2026-03-08T20:58:45.374Z"
"cmmi8irr501dmw8inugar47tq","Gevaş","cmmi8irqe01d8w8inbyex1hzv","2026-03-08T20:58:45.378Z","2026-03-08T20:58:45.378Z"
"cmmi8irr901dow8inemhtyr5l","Gürpınar","cmmi8irqe01d8w8inbyex1hzv","2026-03-08T20:58:45.381Z","2026-03-08T20:58:45.381Z"
"cmmi8irrc01dqw8in9lhz3ecb","İpekyolu","cmmi8irqe01d8w8inbyex1hzv","2026-03-08T20:58:45.385Z","2026-03-08T20:58:45.385Z"
"cmmi8irrg01dsw8inhtbtgmqq","Muradiye","cmmi8irqe01d8w8inbyex1hzv","2026-03-08T20:58:45.388Z","2026-03-08T20:58:45.388Z"
"cmmi8irrk01duw8in2taedp61","Özalp","cmmi8irqe01d8w8inbyex1hzv","2026-03-08T20:58:45.392Z","2026-03-08T20:58:45.392Z"
"cmmi8irro01dww8inauq86evx","Saray","cmmi8irqe01d8w8inbyex1hzv","2026-03-08T20:58:45.396Z","2026-03-08T20:58:45.396Z"
"cmmi8irrs01dyw8iniqztjn0f","Tuşba","cmmi8irqe01d8w8inbyex1hzv","2026-03-08T20:58:45.401Z","2026-03-08T20:58:45.401Z"
"cmmi8irs001e1w8inh38ijuh8","Akdağmadeni","cmmi8irrw01dzw8in5d5mfxtz","2026-03-08T20:58:45.408Z","2026-03-08T20:58:45.408Z"
"cmmi8irs301e3w8inrfj6gu39","Aydıncık","cmmi8irrw01dzw8in5d5mfxtz","2026-03-08T20:58:45.412Z","2026-03-08T20:58:45.412Z"
"cmmi8irs701e5w8innfouykcv","Boğazlıyan","cmmi8irrw01dzw8in5d5mfxtz","2026-03-08T20:58:45.416Z","2026-03-08T20:58:45.416Z"
"cmmi8irsa01e7w8in7xxebygm","Çandır","cmmi8irrw01dzw8in5d5mfxtz","2026-03-08T20:58:45.419Z","2026-03-08T20:58:45.419Z"
"cmmi8irse01e9w8inm9y33gja","Çayıralan","cmmi8irrw01dzw8in5d5mfxtz","2026-03-08T20:58:45.422Z","2026-03-08T20:58:45.422Z"
"cmmi8irsh01ebw8inkppm1zvz","Çekerek","cmmi8irrw01dzw8in5d5mfxtz","2026-03-08T20:58:45.426Z","2026-03-08T20:58:45.426Z"
"cmmi8irsl01edw8in0cbljno9","Kadışehri","cmmi8irrw01dzw8in5d5mfxtz","2026-03-08T20:58:45.429Z","2026-03-08T20:58:45.429Z"
"cmmi8irso01efw8in2hh0ii63","Merkez","cmmi8irrw01dzw8in5d5mfxtz","2026-03-08T20:58:45.432Z","2026-03-08T20:58:45.432Z"
"cmmi8irss01ehw8inomzhsvqb","Saraykent","cmmi8irrw01dzw8in5d5mfxtz","2026-03-08T20:58:45.436Z","2026-03-08T20:58:45.436Z"
"cmmi8irsw01ejw8in5t5exdrj","Sarıkaya","cmmi8irrw01dzw8in5d5mfxtz","2026-03-08T20:58:45.440Z","2026-03-08T20:58:45.440Z"
"cmmi8irsz01elw8in97cax44g","Sorgun","cmmi8irrw01dzw8in5d5mfxtz","2026-03-08T20:58:45.444Z","2026-03-08T20:58:45.444Z"
"cmmi8irt201enw8int2kxsvd7","Şefaatli","cmmi8irrw01dzw8in5d5mfxtz","2026-03-08T20:58:45.447Z","2026-03-08T20:58:45.447Z"
"cmmi8irt501epw8invntai70k","Yenifakılı","cmmi8irrw01dzw8in5d5mfxtz","2026-03-08T20:58:45.450Z","2026-03-08T20:58:45.450Z"
"cmmi8irt901erw8ingi6v6hv6","Yerköy","cmmi8irrw01dzw8in5d5mfxtz","2026-03-08T20:58:45.453Z","2026-03-08T20:58:45.453Z"
"cmmi8irtg01euw8in6vu9ipyw","Alaplı","cmmi8irtd01esw8in0f5qu996","2026-03-08T20:58:45.461Z","2026-03-08T20:58:45.461Z"
"cmmi8irtk01eww8in3j9cc92p","Çaycuma","cmmi8irtd01esw8in0f5qu996","2026-03-08T20:58:45.464Z","2026-03-08T20:58:45.464Z"
"cmmi8irtn01eyw8in2gwd8uws","Devrek","cmmi8irtd01esw8in0f5qu996","2026-03-08T20:58:45.467Z","2026-03-08T20:58:45.467Z"
"cmmi8irtq01f0w8iniqi7n46e","Ereğli","cmmi8irtd01esw8in0f5qu996","2026-03-08T20:58:45.471Z","2026-03-08T20:58:45.471Z"
"cmmi8irtu01f2w8inoeyuf3qv","Gökçebey","cmmi8irtd01esw8in0f5qu996","2026-03-08T20:58:45.475Z","2026-03-08T20:58:45.475Z"
"cmmi8irtx01f4w8inqffiujuj","Kilimli","cmmi8irtd01esw8in0f5qu996","2026-03-08T20:58:45.478Z","2026-03-08T20:58:45.478Z"
"cmmi8iru101f6w8inca6qoau3","Kozlu","cmmi8irtd01esw8in0f5qu996","2026-03-08T20:58:45.481Z","2026-03-08T20:58:45.481Z"
"cmmi8iru501f8w8in67heylbs","Merkez","cmmi8irtd01esw8in0f5qu996","2026-03-08T20:58:45.485Z","2026-03-08T20:58:45.485Z"
"cmmi8irue01fbw8ino77arjic","Ağaçören","cmmi8irua01f9w8in3mfq00jw","2026-03-08T20:58:45.495Z","2026-03-08T20:58:45.495Z"
"cmmi8irui01fdw8in8d82pr3w","Eskil","cmmi8irua01f9w8in3mfq00jw","2026-03-08T20:58:45.498Z","2026-03-08T20:58:45.498Z"
"cmmi8irul01ffw8inxf8jalc6","Gülağaç","cmmi8irua01f9w8in3mfq00jw","2026-03-08T20:58:45.502Z","2026-03-08T20:58:45.502Z"
"cmmi8iruo01fhw8in6hbh6ctg","Güzelyurt","cmmi8irua01f9w8in3mfq00jw","2026-03-08T20:58:45.505Z","2026-03-08T20:58:45.505Z"
"cmmi8irus01fjw8inxfk9k2xu","Merkez","cmmi8irua01f9w8in3mfq00jw","2026-03-08T20:58:45.508Z","2026-03-08T20:58:45.508Z"
"cmmi8iruv01flw8in7scubt59","Ortaköy","cmmi8irua01f9w8in3mfq00jw","2026-03-08T20:58:45.512Z","2026-03-08T20:58:45.512Z"
"cmmi8irv101fnw8in0vny4eq6","Sarıyahşi","cmmi8irua01f9w8in3mfq00jw","2026-03-08T20:58:45.517Z","2026-03-08T20:58:45.517Z"
"cmmi8irv401fpw8inngcemhqq","Sultanhanı","cmmi8irua01f9w8in3mfq00jw","2026-03-08T20:58:45.521Z","2026-03-08T20:58:45.521Z"
"cmmi8irvb01fsw8ins49bol91","Aydıntepe","cmmi8irv801fqw8indwh10wyn","2026-03-08T20:58:45.527Z","2026-03-08T20:58:45.527Z"
"cmmi8irve01fuw8ingdggva1p","Demirözü","cmmi8irv801fqw8indwh10wyn","2026-03-08T20:58:45.530Z","2026-03-08T20:58:45.530Z"
"cmmi8irvi01fww8in23vnjvq3","Merkez","cmmi8irv801fqw8indwh10wyn","2026-03-08T20:58:45.534Z","2026-03-08T20:58:45.534Z"
"cmmi8irvp01fzw8in6a2w748q","Ayrancı","cmmi8irvl01fxw8in5d4lgkg3","2026-03-08T20:58:45.541Z","2026-03-08T20:58:45.541Z"
"cmmi8irvs01g1w8in0bipmqum","Başyayla","cmmi8irvl01fxw8in5d4lgkg3","2026-03-08T20:58:45.544Z","2026-03-08T20:58:45.544Z"
"cmmi8irvv01g3w8in88f80rt1","Ermenek","cmmi8irvl01fxw8in5d4lgkg3","2026-03-08T20:58:45.547Z","2026-03-08T20:58:45.547Z"
"cmmi8irvy01g5w8in9lrclibm","Kazımkarabekir","cmmi8irvl01fxw8in5d4lgkg3","2026-03-08T20:58:45.551Z","2026-03-08T20:58:45.551Z"
"cmmi8irw201g7w8inzj64py3a","Merkez","cmmi8irvl01fxw8in5d4lgkg3","2026-03-08T20:58:45.554Z","2026-03-08T20:58:45.554Z"
"cmmi8irw601g9w8in4ji5xbvk","Sarıveliler","cmmi8irvl01fxw8in5d4lgkg3","2026-03-08T20:58:45.558Z","2026-03-08T20:58:45.558Z"
"cmmi8irwc01gcw8in1toilxi1","Bahşılı","cmmi8irw901gaw8in1rwegs0h","2026-03-08T20:58:45.565Z","2026-03-08T20:58:45.565Z"
"cmmi8irwh01gew8inos5wkb7e","Balışeyh","cmmi8irw901gaw8in1rwegs0h","2026-03-08T20:58:45.569Z","2026-03-08T20:58:45.569Z"
"cmmi8irwl01ggw8inxydk1jin","Çelebi","cmmi8irw901gaw8in1rwegs0h","2026-03-08T20:58:45.573Z","2026-03-08T20:58:45.573Z"
"cmmi8irwq01giw8ingbpjjjym","Delice","cmmi8irw901gaw8in1rwegs0h","2026-03-08T20:58:45.578Z","2026-03-08T20:58:45.578Z"
"cmmi8irwt01gkw8in1022lg97","Karakeçili","cmmi8irw901gaw8in1rwegs0h","2026-03-08T20:58:45.582Z","2026-03-08T20:58:45.582Z"
"cmmi8irwx01gmw8in6zfrek4c","Keskin","cmmi8irw901gaw8in1rwegs0h","2026-03-08T20:58:45.585Z","2026-03-08T20:58:45.585Z"
"cmmi8irx001gow8inygy19kse","Merkez","cmmi8irw901gaw8in1rwegs0h","2026-03-08T20:58:45.588Z","2026-03-08T20:58:45.588Z"
"cmmi8irx301gqw8insnr8em2a","Sulakyurt","cmmi8irw901gaw8in1rwegs0h","2026-03-08T20:58:45.592Z","2026-03-08T20:58:45.592Z"
"cmmi8irx701gsw8ina9kezjml","Yahşihan","cmmi8irw901gaw8in1rwegs0h","2026-03-08T20:58:45.595Z","2026-03-08T20:58:45.595Z"
"cmmi8irxe01gvw8inm8xv70h8","Beşiri","cmmi8irxa01gtw8in03y6uflv","2026-03-08T20:58:45.602Z","2026-03-08T20:58:45.602Z"
"cmmi8irxh01gxw8inemvxmzo1","Gercüş","cmmi8irxa01gtw8in03y6uflv","2026-03-08T20:58:45.606Z","2026-03-08T20:58:45.606Z"
"cmmi8irxl01gzw8in17bvbw23","Hasankeyf","cmmi8irxa01gtw8in03y6uflv","2026-03-08T20:58:45.609Z","2026-03-08T20:58:45.609Z"
"cmmi8irxp01h1w8injij46z75","Kozluk","cmmi8irxa01gtw8in03y6uflv","2026-03-08T20:58:45.613Z","2026-03-08T20:58:45.613Z"
"cmmi8irxt01h3w8in1290gnr1","Merkez","cmmi8irxa01gtw8in03y6uflv","2026-03-08T20:58:45.617Z","2026-03-08T20:58:45.617Z"
"cmmi8irxw01h5w8inoh06p8q0","Sason","cmmi8irxa01gtw8in03y6uflv","2026-03-08T20:58:45.621Z","2026-03-08T20:58:45.621Z"
"cmmi8iry301h8w8ingpfb0kc1","Beytüşşebap","cmmi8iry001h6w8ink5lm1t43","2026-03-08T20:58:45.628Z","2026-03-08T20:58:45.628Z"
"cmmi8iry601haw8inhbpxjpi2","Cizre","cmmi8iry001h6w8ink5lm1t43","2026-03-08T20:58:45.631Z","2026-03-08T20:58:45.631Z"
"cmmi8irya01hcw8inn4ve499x","Güçlükonak","cmmi8iry001h6w8ink5lm1t43","2026-03-08T20:58:45.634Z","2026-03-08T20:58:45.634Z"
"cmmi8iryf01hew8inl08l657h","İdil","cmmi8iry001h6w8ink5lm1t43","2026-03-08T20:58:45.639Z","2026-03-08T20:58:45.639Z"
"cmmi8iryi01hgw8in4hhzurdl","Merkez","cmmi8iry001h6w8ink5lm1t43","2026-03-08T20:58:45.643Z","2026-03-08T20:58:45.643Z"
"cmmi8irym01hiw8inn3q7lmat","Silopi","cmmi8iry001h6w8ink5lm1t43","2026-03-08T20:58:45.647Z","2026-03-08T20:58:45.647Z"
"cmmi8iryp01hkw8inp9dwy6j9","Uludere","cmmi8iry001h6w8ink5lm1t43","2026-03-08T20:58:45.650Z","2026-03-08T20:58:45.650Z"
"cmmi8iryw01hnw8inog6naav8","Amasra","cmmi8irys01hlw8ino0wrb8il","2026-03-08T20:58:45.657Z","2026-03-08T20:58:45.657Z"
"cmmi8irz101hpw8ink22bhrly","Kurucaşile","cmmi8irys01hlw8ino0wrb8il","2026-03-08T20:58:45.661Z","2026-03-08T20:58:45.661Z"
"cmmi8irz401hrw8inhp2pdf1j","Merkez","cmmi8irys01hlw8ino0wrb8il","2026-03-08T20:58:45.664Z","2026-03-08T20:58:45.664Z"
"cmmi8irz701htw8inxq44nh3s","Ulus","cmmi8irys01hlw8ino0wrb8il","2026-03-08T20:58:45.667Z","2026-03-08T20:58:45.667Z"
"cmmi8irzg01hww8inmwen168q","Çıldır","cmmi8irzb01huw8in5dh3f3cd","2026-03-08T20:58:45.676Z","2026-03-08T20:58:45.676Z"
"cmmi8irzj01hyw8inekw2stln","Damal","cmmi8irzb01huw8in5dh3f3cd","2026-03-08T20:58:45.679Z","2026-03-08T20:58:45.679Z"
"cmmi8irzm01i0w8invgid9alq","Göle","cmmi8irzb01huw8in5dh3f3cd","2026-03-08T20:58:45.683Z","2026-03-08T20:58:45.683Z"
"cmmi8irzq01i2w8inz052nlrq","Hanak","cmmi8irzb01huw8in5dh3f3cd","2026-03-08T20:58:45.686Z","2026-03-08T20:58:45.686Z"
"cmmi8irzt01i4w8in7zm1xct3","Merkez","cmmi8irzb01huw8in5dh3f3cd","2026-03-08T20:58:45.689Z","2026-03-08T20:58:45.689Z"
"cmmi8irzx01i6w8in5f8onp50","Posof","cmmi8irzb01huw8in5dh3f3cd","2026-03-08T20:58:45.693Z","2026-03-08T20:58:45.693Z"
"cmmi8is0401i9w8invs854cad","Aralık","cmmi8is0001i7w8in6bi7uanw","2026-03-08T20:58:45.700Z","2026-03-08T20:58:45.700Z"
"cmmi8is0701ibw8int0b8msil","Karakoyunlu","cmmi8is0001i7w8in6bi7uanw","2026-03-08T20:58:45.704Z","2026-03-08T20:58:45.704Z"
"cmmi8is0b01idw8inlwbzzpxo","Merkez","cmmi8is0001i7w8in6bi7uanw","2026-03-08T20:58:45.707Z","2026-03-08T20:58:45.707Z"
"cmmi8is0e01ifw8in00fg3cx4","Tuzluca","cmmi8is0001i7w8in6bi7uanw","2026-03-08T20:58:45.710Z","2026-03-08T20:58:45.710Z"
"cmmi8is0l01iiw8inng5c6gk7","Altınova","cmmi8is0i01igw8inojx6na7d","2026-03-08T20:58:45.718Z","2026-03-08T20:58:45.718Z"
"cmmi8is0p01ikw8inut1af27q","Armutlu","cmmi8is0i01igw8inojx6na7d","2026-03-08T20:58:45.721Z","2026-03-08T20:58:45.721Z"
"cmmi8is0t01imw8iny42ni5l2","Çınarcık","cmmi8is0i01igw8inojx6na7d","2026-03-08T20:58:45.725Z","2026-03-08T20:58:45.725Z"
"cmmi8is0w01iow8inn2gyyoux","Çiftlikköy","cmmi8is0i01igw8inojx6na7d","2026-03-08T20:58:45.729Z","2026-03-08T20:58:45.729Z"
"cmmi8is1001iqw8inok423swr","Merkez","cmmi8is0i01igw8inojx6na7d","2026-03-08T20:58:45.732Z","2026-03-08T20:58:45.732Z"
"cmmi8is1401isw8inuxukgf91","Termal","cmmi8is0i01igw8inojx6na7d","2026-03-08T20:58:45.737Z","2026-03-08T20:58:45.737Z"
"cmmi8is1b01ivw8inwp6hdjnn","Eflani","cmmi8is1801itw8ind3jhohlk","2026-03-08T20:58:45.743Z","2026-03-08T20:58:45.743Z"
"cmmi8is1e01ixw8inybydar0d","Eskipazar","cmmi8is1801itw8ind3jhohlk","2026-03-08T20:58:45.747Z","2026-03-08T20:58:45.747Z"
"cmmi8is1i01izw8in61ul7t2b","Merkez","cmmi8is1801itw8ind3jhohlk","2026-03-08T20:58:45.750Z","2026-03-08T20:58:45.750Z"
"cmmi8is1l01j1w8in75smjnaf","Ovacık","cmmi8is1801itw8ind3jhohlk","2026-03-08T20:58:45.754Z","2026-03-08T20:58:45.754Z"
"cmmi8is1p01j3w8indd63cnja","Safranbolu","cmmi8is1801itw8ind3jhohlk","2026-03-08T20:58:45.758Z","2026-03-08T20:58:45.758Z"
"cmmi8is1t01j5w8iniqzthunl","Yenice","cmmi8is1801itw8ind3jhohlk","2026-03-08T20:58:45.761Z","2026-03-08T20:58:45.761Z"
"cmmi8is2001j8w8in728lyopg","Elbeyli","cmmi8is1w01j6w8inmprubnef","2026-03-08T20:58:45.768Z","2026-03-08T20:58:45.768Z"
"cmmi8is2301jaw8inou6v0z8h","Merkez","cmmi8is1w01j6w8inmprubnef","2026-03-08T20:58:45.772Z","2026-03-08T20:58:45.772Z"
"cmmi8is2601jcw8in367ppvs0","Musabeyli","cmmi8is1w01j6w8inmprubnef","2026-03-08T20:58:45.775Z","2026-03-08T20:58:45.775Z"
"cmmi8is2a01jew8insqgjhrus","Polateli","cmmi8is1w01j6w8inmprubnef","2026-03-08T20:58:45.778Z","2026-03-08T20:58:45.778Z"
"cmmi8is2h01jhw8ino5o4y0rk","Bahçe","cmmi8is2d01jfw8injxojytv4","2026-03-08T20:58:45.786Z","2026-03-08T20:58:45.786Z"
"cmmi8is2k01jjw8inh379z186","Düziçi","cmmi8is2d01jfw8injxojytv4","2026-03-08T20:58:45.788Z","2026-03-08T20:58:45.788Z"
"cmmi8is2o01jlw8inrbkhius4","Hasanbeyli","cmmi8is2d01jfw8injxojytv4","2026-03-08T20:58:45.793Z","2026-03-08T20:58:45.793Z"
"cmmi8is2t01jnw8inmpwvox6f","Kadirli","cmmi8is2d01jfw8injxojytv4","2026-03-08T20:58:45.797Z","2026-03-08T20:58:45.797Z"
"cmmi8is2z01jpw8inc9ak4q66","Merkez","cmmi8is2d01jfw8injxojytv4","2026-03-08T20:58:45.803Z","2026-03-08T20:58:45.803Z"
"cmmi8is3301jrw8incks63tnn","Sumbas","cmmi8is2d01jfw8injxojytv4","2026-03-08T20:58:45.807Z","2026-03-08T20:58:45.807Z"
"cmmi8is3701jtw8insl49tekx","Toprakkale","cmmi8is2d01jfw8injxojytv4","2026-03-08T20:58:45.811Z","2026-03-08T20:58:45.811Z"
"cmmi8is3d01jww8innlqfelzq","Akçakoca","cmmi8is3a01juw8inr9fh8vqe","2026-03-08T20:58:45.818Z","2026-03-08T20:58:45.818Z"
"cmmi8is3h01jyw8invz05oep1","Cumayeri","cmmi8is3a01juw8inr9fh8vqe","2026-03-08T20:58:45.822Z","2026-03-08T20:58:45.822Z"
"cmmi8is3l01k0w8ink2bjbzkg","Çilimli","cmmi8is3a01juw8inr9fh8vqe","2026-03-08T20:58:45.825Z","2026-03-08T20:58:45.825Z"
"cmmi8is3o01k2w8inq2lm9kpk","Gölyaka","cmmi8is3a01juw8inr9fh8vqe","2026-03-08T20:58:45.829Z","2026-03-08T20:58:45.829Z"
"cmmi8is3r01k4w8in6d4ylhw8","Gümüşova","cmmi8is3a01juw8inr9fh8vqe","2026-03-08T20:58:45.832Z","2026-03-08T20:58:45.832Z"
"cmmi8is3v01k6w8inr256681e","Kaynaşlı","cmmi8is3a01juw8inr9fh8vqe","2026-03-08T20:58:45.835Z","2026-03-08T20:58:45.835Z"
"cmmi8is3y01k8w8inp51im5sq","Merkez","cmmi8is3a01juw8inr9fh8vqe","2026-03-08T20:58:45.838Z","2026-03-08T20:58:45.838Z"
"cmmi8is4101kaw8ink9vdxf0r","Yığılca","cmmi8is3a01juw8inr9fh8vqe","2026-03-08T20:58:45.842Z","2026-03-08T20:58:45.842Z"
